lc1	豹头环眼	active	0.65		[{"k": "dmg", "tg": "single", "mult": 2.0}, {"k": "status", "tg": "hit", "st": "stun", "chance": 0.3, "dur": 1}]
lc2	风雪山神庙	active	0.65		[{"k": "dmg", "tg": "single", "mult": 2.2, "exec": {"at": 0.5, "mul": 2.0}}]
lc3	丈八蛇矛	active	0.55		[{"k": "dmg", "tg": "col", "mult": 1.45}, {"k": "status", "tg": "hit", "st": "bleed", "chance": 0.3, "dur": 2}]
lc4	八十万禁军教头	cmd			[{"k": "buff", "tg": "mates", "stat": "atk", "pct": 0.15, "dur": 3}]
lzs1	倒拔垂杨柳	active	0.55		[{"k": "dmg", "tg": "all", "mult": 0.65}, {"k": "status", "tg": "hit", "st": "disarm", "chance": 0.3, "dur": 1}]
lzs2	禅杖横扫	active	0.65		[{"k": "dmg", "tg": "single", "mult": 2.0}, {"k": "status", "tg": "hit", "st": "stun", "chance": 0.35, "dur": 1}]
lzs3	铜皮铁骨	sure		2	[{"k": "shield", "tg": "self", "pct": 0.4}]
lzs4	花和尚	passive			[{"k": "pstat", "stat": "hp", "pct": 0.12}, {"k": "pimmune", "st": ["chaos"]}]
wy1	智多星	active	0.65		[{"k": "status", "tg": "smartest", "st": "silence", "chance": 0.9, "dur": 2}, {"k": "status", "tg": "smartest", "st": "chaos", "chance": 0.5, "dur": 1}]
wy2	运筹帷幄	cmd			[{"k": "buff", "tg": "mates", "stat": "int", "pct": 0.14, "dur": 3}, {"k": "buff", "tg": "mates", "stat": "atk", "pct": 0.06, "dur": 3}]
wy3	巧取豪夺	sure		2	[{"k": "steal", "tg": "strongest", "stat": "atk", "pct": 0.3, "dur": 3}]
wy4	妙手回春	sure		3	[{"k": "heal", "tg": "mates", "mult": 0.8}]
sj1	及时雨	active	0.5		[{"k": "buff", "tg": "mates", "stat": "atk", "pct": 0.23, "dur": 2}]
sj2	仗义疏财	active	0.5		[{"k": "heal", "tg": "lowest", "mult": 4.0}]
sj3	呼保义	active	0.45		[{"k": "status", "tg": "smartest", "st": "chaos", "chance": 0.7, "dur": 1}, {"k": "dmg", "tg": "smartest", "mult": 1.18, "src": "int"}]
sj4	领袖魅力	cmd			[{"k": "buff", "tg": "mates", "stat": "def", "pct": 0.2, "dur": 3}]
ws1	景阳冈打虎	active	0.65		[{"k": "dmg", "tg": "single", "mult": 2.1, "exec": {"at": 0.5, "mul": 1.8}}]
ws2	鸳鸯楼	active	0.55		[{"k": "dmg", "tg": "row", "mult": 1.1}, {"k": "status", "tg": "hit", "st": "bleed", "chance": 0.3, "dur": 2}]
ws3	醉拳	active	0.5		[{"k": "dmg", "tg": "single", "mult": 1.7}, {"k": "status", "tg": "self", "st": "dodge", "chance": 1.0, "dur": 2, "val": 0.25}]
ws4	铁臂膊	passive			[{"k": "pcut", "pct": 0.08}, {"k": "pcounter", "chance": 0.3, "mult": 0.8}]
lk1	旋风斧	active	0.6		[{"k": "dmg", "tg": "row", "mult": 1.2}]
lk2	黑旋风	active	0.5		[{"k": "dmg", "tg": "all", "mult": 0.8}]
lk3	板斧劈砍	active	0.65		[{"k": "dmg", "tg": "single", "mult": 2.1}, {"k": "status", "tg": "hit", "st": "bleed", "chance": 0.4, "dur": 2}]
lk4	天杀星	passive			[{"k": "pdmg", "pct": 0.12}, {"k": "pimmune", "st": ["silence"]}]
gss1	五雷天罡正法	active	0.55		[{"k": "dmg", "tg": "single", "mult": 2.0, "src": "int"}, {"k": "status", "tg": "hit", "st": "stun", "chance": 0.3, "dur": 1}]
gss2	呼风唤雨	active	0.5		[{"k": "dmg", "tg": "all", "mult": 0.6, "src": "int"}, {"k": "status", "tg": "hit", "st": "burn", "chance": 0.3, "dur": 2}]
gss3	天罡道法	cmd			[{"k": "buff", "tg": "mates", "stat": "int", "pct": 0.14, "dur": 3}]
gss4	云龙护体	sure		2	[{"k": "shield", "tg": "self", "pct": 0.3}, {"k": "status", "tg": "self", "st": "dodge", "chance": 1.0, "dur": 2, "val": 0.2}]
ljy1	麒麟玉角	active	0.65		[{"k": "dmg", "tg": "single", "mult": 2.3, "exec": {"at": 0.4, "mul": 1.8}}]
ljy2	枪出如龙	active	0.45		[{"k": "dmg", "tg": "col", "mult": 1.5}, {"k": "status", "tg": "hit", "st": "bleed", "chance": 0.35, "dur": 2}]
ljy3	河北玉麒麟	passive			[{"k": "pstat", "stat": "atk", "pct": 0.12}, {"k": "pcrit", "val": 0.06}]
ljy4	金甲护体	sure		2	[{"k": "shield", "tg": "self", "pct": 0.35}, {"k": "status", "tg": "self", "st": "taunt", "chance": 1.0, "dur": 1}]
yf1	沥泉神枪	active	0.65		[{"k": "dmg", "tg": "single", "mult": 2.2}, {"k": "status", "tg": "hit", "st": "vuln", "chance": 0.4, "dur": 2, "val": 0.2}]
yf2	岳家枪法	active	0.6		[{"k": "dmg", "tg": "col", "mult": 1.45}]
yf3	精忠报国	cmd			[{"k": "buff", "tg": "mates", "stat": "atk", "pct": 0.12, "dur": 3}, {"k": "buff", "tg": "mates", "stat": "def", "pct": 0.1, "dur": 3}]
yf4	岳母刺字	sure		3	[{"k": "heal", "tg": "mates", "mult": 0.7}, {"k": "cleanse", "tg": "mates"}]
yz2n	杨家枪法	active	0.65		[{"k": "dmg", "tg": "single", "mult": 2.0}, {"k": "status", "tg": "hit", "st": "bleed", "chance": 0.35, "dur": 2}]
yz3n	青面兽冲	active	0.5		[{"k": "dmg", "tg": "col", "mult": 1.4}]
yz4n	杨家将血统	passive			[{"k": "pcut", "pct": 0.1}, {"k": "pstat", "stat": "def", "pct": 0.06}]
yz5n	将门之后	cmd			[{"k": "buff", "tg": "mates", "stat": "atk", "pct": 0.1, "dur": 3}, {"k": "buff", "tg": "mates", "stat": "def", "pct": 0.08, "dur": 3}]
shj1	九纹龙	active	0.65		[{"k": "dmg", "tg": "row", "mult": 1.1}]
shj2	史家枪法	active	0.65		[{"k": "dmg", "tg": "single", "mult": 1.9}, {"k": "status", "tg": "hit", "st": "bleed", "chance": 0.3, "dur": 2}]
shj3	少华山头领	cmd			[{"k": "buff", "tg": "mates", "stat": "atk", "pct": 0.1, "dur": 3}]
shj4	纹身护体	sure		2	[{"k": "shield", "tg": "colm", "pct": 0.2}]
hsn1	红锦套索	active	0.6		[{"k": "dmg", "tg": "single", "mult": 1.99}]
hsn2	双刀斩	passive			[{"k": "pfollow", "chance": 0.24, "mult": 0.6}]
hsn3	一丈青	active	0.45		[{"k": "status", "tg": "smartest", "st": "chaos", "chance": 0.7, "dur": 1}, {"k": "dmg", "tg": "smartest", "mult": 1.06, "src": "int"}]
hsn4	女将风采	sure		2	[{"k": "shield", "tg": "self", "pct": 0.32}]
zw2	神机妙算	active	0.5		[{"k": "buff", "tg": "mates", "stat": "atk", "pct": 0.23, "dur": 2}]
zw3	阵法精通	cmd			[{"k": "buff", "tg": "mates", "stat": "def", "pct": 0.14, "dur": 3}]
zw4	借刀杀人	active	0.55		[{"k": "dmg", "tg": "single", "mult": 2.13}, {"k": "status", "tg": "hit", "st": "bleed", "chance": 0.3, "dur": 2}]
zw5	谋士之智	cmd			[{"k": "buff", "tg": "mates", "stat": "int", "pct": 0.23, "dur": 3}]
cd2n	跳涧虎扑	active	0.55		[{"k": "dmg", "tg": "single", "mult": 1.5}, {"k": "status", "tg": "hit", "st": "bleed", "chance": 0.3, "dur": 2}]
cd3n	虎啸山林	active	0.45		[{"k": "dmg", "tg": "row", "mult": 0.79}, {"k": "status", "tg": "hit", "st": "bleed", "chance": 0.3, "dur": 2}]
cd4n	虎皮护甲	sure		2	[{"k": "shield", "tg": "self", "pct": 0.23}]
cd5n	少华山头领	cmd			[{"k": "buff", "tg": "mates", "stat": "def", "pct": 0.15, "dur": 3}]
yoc1	白花蛇牙	active	0.55		[{"k": "dmg", "tg": "single", "mult": 1.54}, {"k": "status", "tg": "hit", "st": "poison", "chance": 0.35, "dur": 3}]
yoc2	蛇影重重	active	0.45		[{"k": "dmg", "tg": "row", "mult": 0.74}, {"k": "status", "tg": "hit", "st": "poison", "chance": 0.35, "dur": 3}]
yoc3	蛇毒暗算	cmd			[{"k": "buff", "tg": "mates", "stat": "int", "pct": 0.13, "dur": 3}]
yoc4	蛇行潜踪	passive			[{"k": "pdodge", "chance": 0.14}]
cg1	托塔天王	active	0.6		[{"k": "dmg", "tg": "single", "mult": 1.9}, {"k": "status", "tg": "hit", "st": "stun", "chance": 0.3, "dur": 1}]
cg2	梁山之主	cmd			[{"k": "buff", "tg": "mates", "stat": "atk", "pct": 0.12, "dur": 3}]
cg3	天王护体	sure		3	[{"k": "shield", "tg": "mates", "pct": 0.1}]
cg4	聚义之怒	active	0.65		[{"k": "dmg", "tg": "row", "mult": 1.3}]
r21	立地太岁	active	0.6		[{"k": "dmg", "tg": "single", "mult": 2.02}]
r22	水中霸王	passive			[{"k": "pstat", "stat": "hp", "pct": 0.16}]
r23	渔家铁骨	passive			[{"k": "pcounter", "chance": 0.26, "mult": 0.8}]
r24	梁山泊水军	cmd			[{"k": "buff", "tg": "mates", "stat": "atk", "pct": 0.13, "dur": 3}]
r52	短命突袭	active	0.55		[{"k": "dmg", "tg": "single", "mult": 2.01}, {"k": "status", "tg": "hit", "st": "bleed", "chance": 0.3, "dur": 2}]
r53	水中霸王	passive			[{"k": "pstat", "stat": "atk", "pct": 0.1}]
r54	渔家护体	sure		2	[{"k": "shield", "tg": "self", "pct": 0.29}]
r55	梁山泊水军	cmd			[{"k": "buff", "tg": "mates", "stat": "def", "pct": 0.2, "dur": 3}]
r72	活阎罗怒	active	0.6		[{"k": "dmg", "tg": "single", "mult": 2.01}]
r73	阎罗降世	active	0.35		[{"k": "dmg", "tg": "all", "mult": 0.83}]
r74	鬼魅伎俩	active	0.45		[{"k": "status", "tg": "smartest", "st": "chaos", "chance": 0.7, "dur": 1}, {"k": "dmg", "tg": "smartest", "mult": 1.28, "src": "int"}]
r75	阎罗护体	sure		2	[{"k": "shield", "tg": "self", "pct": 0.37}]
bsg1	白胜智取	active	0.5		[{"k": "buff", "tg": "mates", "stat": "atk", "pct": 0.18, "dur": 2}]
bsg2	酒中迷药	active	0.45		[{"k": "dmg", "tg": "single", "mult": 1.51}, {"k": "status", "tg": "hit", "st": "disarm", "chance": 0.7, "dur": 1}]
bsg3	智取生辰纲	cmd			[{"k": "buff", "tg": "mates", "stat": "int", "pct": 0.12, "dur": 3}]
bsg4	闲汉伪装	passive			[{"k": "pdodge", "chance": 0.13}]
xk1	神行太保	active	0.6		[{"k": "dmg", "tg": "single", "mult": 2.12}]
xk2	神行疾风	passive			[{"k": "pdodge", "chance": 0.17}]
xk3	日行八百	passive			[{"k": "pstat", "stat": "atk", "pct": 0.11}]
xk4	神行军	passive			[{"k": "pfollow", "chance": 0.37, "mult": 0.6}]
zs2n	浪里白条	active	0.6		[{"k": "dmg", "tg": "single", "mult": 1.88}]
zs3n	水中搏杀	active	0.45		[{"k": "dmg", "tg": "row", "mult": 0.95}, {"k": "status", "tg": "hit", "st": "bleed", "chance": 0.3, "dur": 2}]
zs4n	水底潜行	passive			[{"k": "pdodge", "chance": 0.16}]
zs5n	白条救主	sure		2	[{"k": "heal", "tg": "mates", "mult": 0.4}]
shy1	百步穿杨	active	0.6		[{"k": "dmg", "tg": "weakest", "mult": 2.0}, {"k": "status", "tg": "hit", "st": "vuln", "chance": 0.4, "dur": 2, "val": 0.2}]
shy2	神臂弓散射	active	0.5		[{"k": "dmg", "tg": "col", "mult": 1.4}]
shy3	小李广	passive			[{"k": "pcrit", "val": 0.12}, {"k": "pstat", "stat": "agi", "pct": 0.08}, {"k": "pstat", "stat": "atk", "pct": 0.04}]
shy4	精准射击	active	0.5		[{"k": "dmg", "tg": "back", "mult": 1.3}, {"k": "status", "tg": "hit", "st": "stun", "chance": 0.25, "dur": 1}]
sl1	病尉迟	active	0.6		[{"k": "dmg", "tg": "single", "mult": 1.9}, {"k": "status", "tg": "hit", "st": "stun", "chance": 0.3, "dur": 1}]
sl2	孙家枪法	active	0.55		[{"k": "dmg", "tg": "row", "mult": 1.3}]
sl3	尉迟铁壁	sure		2	[{"k": "shield", "tg": "self", "pct": 0.3}, {"k": "status", "tg": "self", "st": "taunt", "chance": 1.0, "dur": 1}]
sl4	琼林名将	cmd			[{"k": "buff", "tg": "mates", "stat": "def", "pct": 0.16, "dur": 3}, {"k": "shield", "tg": "mates", "pct": 0.06}]
lty1	铁棒无敌	active	0.65		[{"k": "dmg", "tg": "single", "mult": 2.1}, {"k": "status", "tg": "hit", "st": "stun", "chance": 0.3, "dur": 1}]
lty2	祝家庄教头	active	0.65		[{"k": "dmg", "tg": "col", "mult": 1.4}]
lty3	铁壁阵	cmd			[{"k": "shield", "tg": "mates", "pct": 0.12}]
lty4	名师指导	passive			[{"k": "pstat", "stat": "atk", "pct": 0.08}, {"k": "pstat", "stat": "def", "pct": 0.08}]
zb1	祝家枪法	active	0.55		[{"k": "dmg", "tg": "single", "mult": 1.53}, {"k": "status", "tg": "hit", "st": "bleed", "chance": 0.3, "dur": 2}]
zb2	三杰联手	cmd			[{"k": "buff", "tg": "mates", "stat": "atk", "pct": 0.06, "dur": 3}]
zb3	祝家庄豪杰	sure		2	[{"k": "shield", "tg": "self", "pct": 0.21}]
zb4	祝家豪气	cmd			[{"k": "buff", "tg": "mates", "stat": "atk", "pct": 0.09, "dur": 3}]
ytb1	雷部正神	active	0.55		[{"k": "dmg", "tg": "single", "mult": 2.0}, {"k": "status", "tg": "hit", "st": "stun", "chance": 0.3, "dur": 1}]
ytb2	云家枪法	active	0.5		[{"k": "dmg", "tg": "col", "mult": 1.4}]
ytb3	忠义护国	sure		3	[{"k": "shield", "tg": "mates", "pct": 0.1}]
ytb4	雷将统帅	cmd			[{"k": "buff", "tg": "mates", "stat": "atk", "pct": 0.1, "dur": 3}, {"k": "buff", "tg": "mates", "stat": "def", "pct": 0.08, "dur": 3}]
cxt1	猿臂剑法	active	0.65		[{"k": "dmg", "tg": "single", "mult": 1.8, "src": "int"}, {"k": "status", "tg": "hit", "st": "bleed", "chance": 0.3, "dur": 2}]
cxt2	希真幻术	active	0.65		[{"k": "status", "tg": "rand2", "st": "chaos", "chance": 0.5, "dur": 1}]
cxt3	巧夺天工	sure		2	[{"k": "steal", "tg": "strongest", "stat": "int", "pct": 0.35, "dur": 3}]
cxt4	仙风道骨	sure		3	[{"k": "heal", "tg": "mates", "mult": 0.8}]
lhn1	慧眼识破	active	0.55		[{"k": "dmg", "tg": "single", "mult": 1.87}, {"k": "status", "tg": "hit", "st": "vuln", "chance": 0.4, "dur": 2, "val": 0.2}]
lhn2	机关算尽	active	0.45		[{"k": "status", "tg": "smartest", "st": "chaos", "chance": 0.7, "dur": 1}, {"k": "dmg", "tg": "smartest", "mult": 1.06, "src": "int"}]
lhn3	慧娘妙手	sure		2	[{"k": "heal", "tg": "mates", "mult": 0.4}]
lhn4	奇门遁甲	sure		2	[{"k": "shield", "tg": "self", "pct": 0.41}]
zyq1	双枪将	active	0.6		[{"k": "dmg", "tg": "single", "mult": 2.05}]
zyq2	双枪齐出	passive			[{"k": "pfollow", "chance": 0.28, "mult": 0.6}]
zyq3	祝家铁壁	sure		2	[{"k": "shield", "tg": "self", "pct": 0.29}]
zyq4	忠勇双全	passive			[{"k": "pstat", "stat": "atk", "pct": 0.14}]
dzb1	雷将神威	active	0.55		[{"k": "dmg", "tg": "single", "mult": 1.87}, {"k": "status", "tg": "hit", "st": "burn", "chance": 0.3, "dur": 2}]
dzb2	雷霆万钧	active	0.35		[{"k": "dmg", "tg": "all", "mult": 0.6}, {"k": "status", "tg": "hit", "st": "burn", "chance": 0.3, "dur": 2}]
dzb3	雷部护体	sure		2	[{"k": "shield", "tg": "self", "pct": 0.27}]
dzb4	雷将统帅	cmd			[{"k": "buff", "tg": "mates", "stat": "agi", "pct": 0.24, "dur": 3}]
ng1	铜锏横扫	active	0.55		[{"k": "dmg", "tg": "single", "mult": 1.73}, {"k": "status", "tg": "hit", "st": "stun", "chance": 0.25, "dur": 1}]
ng2	福将之力	passive			[{"k": "pstat", "stat": "atk", "pct": 0.1}]
ng3	福星高照	passive			[{"k": "pfollow", "chance": 0.29, "mult": 0.6}]
ng4	岳家福将	cmd			[{"k": "buff", "tg": "mates", "stat": "atk", "pct": 0.13, "dur": 3}]
yzx1	百步穿杨	active	0.65		[{"k": "dmg", "tg": "single", "mult": 2.1}]
yzx2	小商桥冲锋	active	0.5		[{"k": "dmg", "tg": "row", "mult": 1.1}, {"k": "status", "tg": "hit", "st": "vuln", "chance": 0.3, "dur": 2, "val": 0.2}]
yzx3	杨家枪法	active	0.55		[{"k": "dmg", "tg": "col", "mult": 1.4}]
yzx4	忠勇将军	passive			[{"k": "plow", "at": 0.4, "stat": "atk", "pct": 0.25}, {"k": "ptough"}]
yy1	双锤擂鼓	active	0.65		[{"k": "dmg", "tg": "single", "mult": 2.1}, {"k": "status", "tg": "hit", "st": "stun", "chance": 0.35, "dur": 1}]
yy2	少年英雄	active	0.65		[{"k": "dmg", "tg": "row", "mult": 1.3}, {"k": "buff", "tg": "self", "stat": "atk", "pct": 0.08, "dur": 2}]
yy3	银锤护体	passive			[{"k": "pshield", "pct": 0.2}, {"k": "pcut", "pct": 0.06}]
yy4	岳家小将	cmd			[{"k": "buff", "tg": "mates", "stat": "agi", "pct": 0.12, "dur": 3}, {"k": "buff", "tg": "mates", "stat": "atk", "pct": 0.08, "dur": 3}]
zhx1	张宪神枪	active	0.55		[{"k": "dmg", "tg": "single", "mult": 1.85}, {"k": "status", "tg": "hit", "st": "bleed", "chance": 0.3, "dur": 2}]
zhx2	宪字旗冲锋	active	0.45		[{"k": "dmg", "tg": "col", "mult": 1.01}, {"k": "status", "tg": "hit", "st": "bleed", "chance": 0.3, "dur": 2}]
zhx3	宪字旗护盾	sure		2	[{"k": "shield", "tg": "self", "pct": 0.26}]
zhx4	岳家军魂	cmd			[{"k": "buff", "tg": "mates", "stat": "agi", "pct": 0.26, "dur": 3}]
bd1	砍杀	active	0.55		[{"k": "dmg", "tg": "single", "mult": 1.43}, {"k": "status", "tg": "hit", "st": "bleed", "chance": 0.3, "dur": 2}]
bd3	硬撑	passive			[{"k": "pcounter", "chance": 0.18, "mult": 0.8}]
bandit_1_sk3	招式3	active	0.6		[{"k": "dmg", "tg": "single", "mult": 1.79}]
bandit_1_sk4	招式4	active	0.6		[{"k": "dmg", "tg": "single", "mult": 1.98}]
bd2	劈砍	active	0.55		[{"k": "dmg", "tg": "single", "mult": 1.57}, {"k": "status", "tg": "hit", "st": "bleed", "chance": 0.3, "dur": 2}]
bandit_2_sk3	招式3	active	0.6		[{"k": "dmg", "tg": "single", "mult": 1.79}]
bandit_2_sk4	招式4	active	0.6		[{"k": "dmg", "tg": "single", "mult": 2.01}]
bandit_3_sk3	招式3	active	0.6		[{"k": "dmg", "tg": "single", "mult": 1.81}]
bandit_3_sk4	招式4	active	0.6		[{"k": "dmg", "tg": "single", "mult": 1.93}]
bandit_4_sk4	招式4	active	0.6		[{"k": "dmg", "tg": "single", "mult": 1.94}]
bandit_5_sk2	招式2	active	0.6		[{"k": "dmg", "tg": "single", "mult": 1.76}]
bandit_5_sk3	招式3	active	0.6		[{"k": "dmg", "tg": "single", "mult": 1.8}]
bandit_5_sk4	招式4	active	0.6		[{"k": "dmg", "tg": "single", "mult": 2.0}]
bandit_6_sk3	招式3	active	0.6		[{"k": "dmg", "tg": "single", "mult": 1.8}]
bandit_6_sk4	坚守	passive			[{"k": "pcounter", "chance": 0.19, "mult": 0.8}]
gs1	青龙偃月	active	0.6		[{"k": "dmg", "tg": "single", "mult": 2.1}, {"k": "status", "tg": "hit", "st": "vuln", "chance": 0.5, "dur": 2, "val": 0.25}]
gs2	关家刀法	active	0.65		[{"k": "dmg", "tg": "row", "mult": 1.35}]
gs3	大刀风采	cmd			[{"k": "buff", "tg": "mates", "stat": "atk", "pct": 0.12, "dur": 3}, {"k": "debuff", "tg": "all", "stat": "atk", "pct": 0.08, "dur": 2}]
gs4	名将之躯	passive			[{"k": "pcut", "pct": 0.12}, {"k": "ptough"}]
qm1	霹雳火	active	0.45		[{"k": "dmg", "tg": "all", "mult": 0.6}, {"k": "status", "tg": "hit", "st": "burn", "chance": 0.3, "dur": 2}]
qm2	狼牙棒	active	0.65		[{"k": "dmg", "tg": "single", "mult": 1.9}, {"k": "status", "tg": "hit", "st": "stun", "chance": 0.3, "dur": 1}]
qm3	烈火燎原	cmd			[{"k": "buff", "tg": "mates", "stat": "atk", "pct": 0.12, "dur": 3}]
qm4	霹雳护体	sure		2	[{"k": "shield", "tg": "mates", "pct": 0.12}]
hyz1	连环马阵	active	0.45		[{"k": "dmg", "tg": "row", "mult": 1.4}, {"k": "status", "tg": "hit", "st": "stun", "chance": 0.2, "dur": 1}]
hyz2	双鞭破敌	active	0.65		[{"k": "dmg", "tg": "single", "mult": 1.9}, {"k": "dmg", "tg": "single", "mult": 0.7}]
hyz3	铁甲连环	cmd			[{"k": "buff", "tg": "frontm", "stat": "def", "pct": 0.18, "dur": 3}, {"k": "shield", "tg": "frontm", "pct": 0.1}]
hyz4	钢鞭护体	passive			[{"k": "pcut", "pct": 0.1}, {"k": "pcounter", "chance": 0.3, "mult": 0.7}]
cj2n	柴氏门风	active	0.5		[{"k": "buff", "tg": "mates", "stat": "def", "pct": 0.33, "dur": 2}]
cj3n	仗义疏财	active	0.5		[{"k": "heal", "tg": "lowest", "mult": 3.9}]
cj4n	豪门气派	active	0.45		[{"k": "status", "tg": "smartest", "st": "chaos", "chance": 0.7, "dur": 1}, {"k": "dmg", "tg": "smartest", "mult": 1.35, "src": "int"}]
cj5n	丹书铁券	sure		2	[{"k": "shield", "tg": "self", "pct": 0.39}]
ly1	飞刀绝技	active	0.6		[{"k": "dmg", "tg": "single", "mult": 2.07}]
ly2	扑天雕	active	0.45		[{"k": "dmg", "tg": "row", "mult": 1.09}, {"k": "status", "tg": "hit", "st": "bleed", "chance": 0.3, "dur": 2}]
ly3	李家庄主	cmd			[{"k": "buff", "tg": "mates", "stat": "atk", "pct": 0.12, "dur": 3}]
ly4	雕翎护体	sure		2	[{"k": "shield", "tg": "self", "pct": 0.41}]
zt1	美髯公	active	0.6		[{"k": "dmg", "tg": "single", "mult": 2.09}]
zt2	义气深重	passive			[{"k": "pshield", "pct": 0.24}]
zt3	义释英雄	sure		2	[{"k": "heal", "tg": "mates", "mult": 0.4}]
zt4	忠义堂	cmd			[{"k": "buff", "tg": "mates", "stat": "atk", "pct": 0.13, "dur": 3}]
yq2n	鹁鸽旋	active	0.6		[{"k": "dmg", "tg": "single", "mult": 2.05}]
yq3n	浪子风流	active	0.45		[{"k": "dmg", "tg": "row", "mult": 1.04}, {"k": "status", "tg": "hit", "st": "bleed", "chance": 0.3, "dur": 2}]
yq4n	巧取豪夺	sure		2	[{"k": "steal", "tg": "strongest", "stat": "atk", "pct": 0.19, "dur": 3}]
yq5n	风流倜傥	active	0.45		[{"k": "status", "tg": "smartest", "st": "chaos", "chance": 0.7, "dur": 1}, {"k": "dmg", "tg": "smartest", "mult": 1.83, "src": "int"}]
bs1	病关索	active	0.65		[{"k": "dmg", "tg": "single", "mult": 2.0, "exec": {"at": 0.5, "mul": 1.6}}]
bs2	解家枪法	active	0.55		[{"k": "dmg", "tg": "row", "mult": 1.3}]
bs3	铁臂膊	passive			[{"k": "pcounter", "chance": 0.35, "mult": 0.8}]
bs4	步军骁将	passive			[{"k": "plow", "at": 0.5, "stat": "atk", "pct": 0.3}, {"k": "pdmg", "pct": 0.06}]
yx1	病关索	active	0.6		[{"k": "dmg", "tg": "single", "mult": 2.13}]
yx2	索命刀	active	0.45		[{"k": "dmg", "tg": "col", "mult": 1.05}, {"k": "status", "tg": "hit", "st": "bleed", "chance": 0.3, "dur": 2}]
yx3	铁骨铮铮	passive			[{"k": "pcounter", "chance": 0.26, "mult": 0.8}]
yx4	两院押狱	cmd			[{"k": "buff", "tg": "mates", "stat": "atk", "pct": 0.14, "dur": 3}]
jz2n	两头蛇牙	active	0.6		[{"k": "dmg", "tg": "single", "mult": 1.86}]
jz3n	蛇形游走	passive			[{"k": "pdodge", "chance": 0.14}]
jz4n	猎人本能	sure		2	[{"k": "shield", "tg": "self", "pct": 0.27}]
jz5n	登州猎户	cmd			[{"k": "buff", "tg": "mates", "stat": "agi", "pct": 0.23, "dur": 3}]
jb2n	双尾蝎刺	active	0.6		[{"k": "dmg", "tg": "single", "mult": 1.86}]
jb3n	蝎尾横扫	active	0.45		[{"k": "dmg", "tg": "row", "mult": 0.94}, {"k": "status", "tg": "hit", "st": "poison", "chance": 0.35, "dur": 3}]
jb4n	蝎甲护体	sure		2	[{"k": "shield", "tg": "self", "pct": 0.26}]
jb5n	毒蝎暗伏	active	0.55		[{"k": "dmg", "tg": "single", "mult": 2.31}, {"k": "status", "tg": "hit", "st": "poison", "chance": 0.35, "dur": 3}]
zq1	朱贵酒馆	active	0.6		[{"k": "dmg", "tg": "single", "mult": 1.7}]
zq2	酒中下毒	active	0.45		[{"k": "dmg", "tg": "single", "mult": 1.57}, {"k": "status", "tg": "hit", "st": "disarm", "chance": 0.7, "dur": 1}]
zq3	梁山耳目	sure		2	[{"k": "shield", "tg": "self", "pct": 0.21}]
zq4	情报网	cmd			[{"k": "buff", "tg": "mates", "stat": "agi", "pct": 0.18, "dur": 3}]
dq1	杜迁摸着天	active	0.6		[{"k": "dmg", "tg": "single", "mult": 1.75}]
dq2	长臂横扫	active	0.35		[{"k": "dmg", "tg": "all", "mult": 0.65}]
dq3	身高臂长	passive			[{"k": "pcounter", "chance": 0.19, "mult": 0.8}]
dq4	梁山元老	cmd			[{"k": "buff", "tg": "mates", "stat": "atk", "pct": 0.09, "dur": 3}]
sw1	宋万云里金刚	active	0.6		[{"k": "dmg", "tg": "single", "mult": 1.66}]
sw2	金刚怒目	passive			[{"k": "pcounter", "chance": 0.17, "mult": 0.8}]
sw3	金刚不坏	passive			[{"k": "pstat", "stat": "hp", "pct": 0.12}]
sw4	梁山元老	cmd			[{"k": "buff", "tg": "mates", "stat": "atk", "pct": 0.1, "dur": 3}]
wl1	王伦妒贤	active	0.6		[{"k": "dmg", "tg": "single", "mult": 1.65}]
wl2	嫉贤妒能	active	0.45		[{"k": "status", "tg": "smartest", "st": "chaos", "chance": 0.7, "dur": 1}, {"k": "dmg", "tg": "smartest", "mult": 0.57, "src": "int"}]
wl3	梁山初主	sure		2	[{"k": "shield", "tg": "self", "pct": 0.21}]
wl4	白衣秀士	cmd			[{"k": "buff", "tg": "mates", "stat": "def", "pct": 0.15, "dur": 3}]
adq1	神医妙手	active	0.6		[{"k": "heal", "tg": "mates", "mult": 0.8}]
adq2	对症下药	sure		2	[{"k": "heal", "tg": "lowest", "mult": 2.2}, {"k": "cleanse", "tg": "lowest"}]
adq3	杏林春暖	cmd			[{"k": "heal", "tg": "mates", "pct": 0.1}, {"k": "buff", "tg": "mates", "stat": "def", "pct": 0.08, "dur": 3}]
adq4	麻沸散	active	0.55		[{"k": "status", "tg": "rand3", "st": "stun", "chance": 0.55, "dur": 1}, {"k": "dmg", "tg": "rand3", "mult": 0.3, "src": "int"}]
xr1	伪造文书	active	0.45		[{"k": "status", "tg": "smartest", "st": "chaos", "chance": 0.7, "dur": 1}, {"k": "dmg", "tg": "smartest", "mult": 1.04, "src": "int"}]
xr2	模仿笔迹	sure		2	[{"k": "steal", "tg": "strongest", "stat": "atk", "pct": 0.17, "dur": 3}]
xr3	圣手书生	cmd			[{"k": "buff", "tg": "mates", "stat": "atk", "pct": 0.12, "dur": 3}]
xr4	妙笔生花	sure		2	[{"k": "heal", "tg": "mates", "mult": 0.5}]
jmq1	金毛犬	active	0.6		[{"k": "dmg", "tg": "single", "mult": 1.73}]
jmq2	嗅探追踪	active	0.45		[{"k": "dmg", "tg": "col", "mult": 0.7}, {"k": "status", "tg": "hit", "st": "vuln", "chance": 0.32, "dur": 2, "val": 0.2}]
jmq3	犬马之劳	sure		2	[{"k": "shield", "tg": "self", "pct": 0.23}]
jmq4	探子	cmd			[{"k": "buff", "tg": "mates", "stat": "agi", "pct": 0.21, "dur": 3}]
lh1	铁叫子	active	0.45		[{"k": "status", "tg": "smartest", "st": "chaos", "chance": 0.7, "dur": 1}, {"k": "dmg", "tg": "smartest", "mult": 0.51, "src": "int"}]
lh2	歌喉嘹亮	active	0.5		[{"k": "heal", "tg": "lowest", "mult": 3.3}]
lh3	妙音悦耳	sure		2	[{"k": "heal", "tg": "mates", "mult": 0.3}]
lh4	窃听	active	0.45		[{"k": "status", "tg": "smartest", "st": "silence", "chance": 0.8, "dur": 2}, {"k": "dmg", "tg": "smartest", "mult": 1.6, "src": "int"}]
zsz1	忠勇双全	active	0.65		[{"k": "dmg", "tg": "single", "mult": 1.9}, {"k": "status", "tg": "hit", "st": "vuln", "chance": 0.4, "dur": 2, "val": 0.2}]
zsz2	一代名臣	cmd			[{"k": "buff", "tg": "mates", "stat": "int", "pct": 0.12, "dur": 3}, {"k": "buff", "tg": "mates", "stat": "atk", "pct": 0.06, "dur": 3}]
zsz3	忠烈护国	sure		3	[{"k": "shield", "tg": "mates", "pct": 0.1}]
zsz4	朝廷威仪	active	0.6		[{"k": "dmg", "tg": "col", "mult": 1.3}, {"k": "status", "tg": "hit", "st": "silence", "chance": 0.3, "dur": 1}]
clq1	女飞卫	active	0.6		[{"k": "dmg", "tg": "single", "mult": 2.09}]
clq2	丽卿神箭	active	0.45		[{"k": "dmg", "tg": "row", "mult": 0.88}, {"k": "status", "tg": "hit", "st": "vuln", "chance": 0.4, "dur": 2, "val": 0.2}]
clq3	美人计	active	0.45		[{"k": "status", "tg": "smartest", "st": "chaos", "chance": 0.7, "dur": 1}, {"k": "dmg", "tg": "smartest", "mult": 1.24, "src": "int"}]
clq4	女将风采	sure		2	[{"k": "shield", "tg": "self", "pct": 0.38}]
yl1	雷部神将	active	0.55		[{"k": "dmg", "tg": "single", "mult": 1.89}, {"k": "status", "tg": "hit", "st": "burn", "chance": 0.3, "dur": 2}]
yl2	雷霆万钧	active	0.35		[{"k": "dmg", "tg": "all", "mult": 0.61}, {"k": "status", "tg": "hit", "st": "burn", "chance": 0.3, "dur": 2}]
yl3	雷光护体	sure		2	[{"k": "shield", "tg": "self", "pct": 0.27}]
yl4	云家枪法	active	0.55		[{"k": "dmg", "tg": "single", "mult": 2.27}, {"k": "status", "tg": "hit", "st": "bleed", "chance": 0.3, "dur": 2}]
lwl1	双枪飞舞	active	0.55		[{"k": "dmg", "tg": "single", "mult": 1.8}, {"k": "dmg", "tg": "single", "mult": 0.7}]
lwl2	双枪并刺	active	0.55		[{"k": "dmg", "tg": "row", "mult": 1.3}]
lwl3	北国小王爷	cmd			[{"k": "buff", "tg": "mates", "stat": "agi", "pct": 0.15, "dur": 3}, {"k": "buff", "tg": "mates", "stat": "atk", "pct": 0.06, "dur": 3}]
lwl4	银盔银甲	passive			[{"k": "pshield", "pct": 0.15}, {"k": "pdodge", "chance": 0.08}]
jws1	金雀斧	active	0.65		[{"k": "dmg", "tg": "single", "mult": 2.1}, {"k": "status", "tg": "hit", "st": "bleed", "chance": 0.4, "dur": 2}]
jws2	狼主咆哮	active	0.5		[{"k": "dmg", "tg": "all", "mult": 0.8}, {"k": "status", "tg": "hit", "st": "silence", "chance": 0.25, "dur": 1}]
jws3	四狼主	cmd			[{"k": "buff", "tg": "mates", "stat": "atk", "pct": 0.14, "dur": 3}]
jws4	铁浮屠	sure		3	[{"k": "shield", "tg": "frontm", "pct": 0.25}]
zh1	大金元帅	active	0.5		[{"k": "buff", "tg": "mates", "stat": "agi", "pct": 0.45, "dur": 2}]
zh2	铁骑冲锋	cmd			[{"k": "buff", "tg": "mates", "stat": "atk", "pct": 0.1, "dur": 3}]
zh3	金国大军	cmd			[{"k": "buff", "tg": "mates", "stat": "def", "pct": 0.17, "dur": 3}]
zh4	大金护盾	sure		2	[{"k": "shield", "tg": "self", "pct": 0.4}]
hmc1	诡计多端	active	0.45		[{"k": "status", "tg": "smartest", "st": "chaos", "chance": 0.7, "dur": 1}, {"k": "dmg", "tg": "smartest", "mult": 1.03, "src": "int"}]
hmc2	狡猾窃谋	cmd			[{"k": "buff", "tg": "mates", "stat": "int", "pct": 0.17, "dur": 3}]
hmc3	军师妙计	cmd			[{"k": "buff", "tg": "mates", "stat": "def", "pct": 0.17, "dur": 3}]
hmc4	巫术疗伤	sure		2	[{"k": "heal", "tg": "mates", "mult": 0.5}]
cn1	双戟无敌	active	0.6		[{"k": "dmg", "tg": "single", "mult": 2.15}]
cn2	铁戟横扫	active	0.35		[{"k": "dmg", "tg": "all", "mult": 0.84}]
cn3	金国猛将	passive			[{"k": "pstat", "stat": "def", "pct": 0.16}]
cn4	铁甲护身	sure		2	[{"k": "shield", "tg": "self", "pct": 0.35}]
dl1	铜锤猛击	active	0.55		[{"k": "dmg", "tg": "single", "mult": 1.57}, {"k": "status", "tg": "hit", "st": "stun", "chance": 0.25, "dur": 1}]
dl2	锤震四方	active	0.35		[{"k": "dmg", "tg": "all", "mult": 0.46}, {"k": "status", "tg": "hit", "st": "stun", "chance": 0.22, "dur": 1}]
dl3	岳飞部将	passive			[{"k": "pdodge", "chance": 0.16}]
dl4	铜锤护体	sure		2	[{"k": "shield", "tg": "self", "pct": 0.36}]
wg1	王贵冲锋	active	0.55		[{"k": "dmg", "tg": "single", "mult": 1.75}, {"k": "status", "tg": "hit", "st": "bleed", "chance": 0.3, "dur": 2}]
wg2	岳家枪法	active	0.45		[{"k": "dmg", "tg": "row", "mult": 1.01}, {"k": "status", "tg": "hit", "st": "bleed", "chance": 0.3, "dur": 2}]
wg3	岳家老兵	sure		2	[{"k": "shield", "tg": "self", "pct": 0.26}]
wg4	并肩作战	cmd			[{"k": "buff", "tg": "mates", "stat": "atk", "pct": 0.12, "dur": 3}]
th1	汤怀剑法	active	0.55		[{"k": "dmg", "tg": "single", "mult": 1.76}, {"k": "status", "tg": "hit", "st": "bleed", "chance": 0.3, "dur": 2}]
th2	同窗之谊	active	0.45		[{"k": "dmg", "tg": "col", "mult": 0.98}, {"k": "status", "tg": "hit", "st": "bleed", "chance": 0.3, "dur": 2}]
th3	义气相救	sure		2	[{"k": "heal", "tg": "mates", "mult": 0.3}]
th4	同门情谊	cmd			[{"k": "buff", "tg": "mates", "stat": "atk", "pct": 0.13, "dur": 3}]
zb2_1	张保棍法	active	0.55		[{"k": "dmg", "tg": "single", "mult": 1.63}, {"k": "status", "tg": "hit", "st": "stun", "chance": 0.25, "dur": 1}]
zb2_2	岳飞亲随	passive			[{"k": "pdodge", "chance": 0.14}]
zb2_3	忠心耿耿	cmd			[{"k": "buff", "tg": "mates", "stat": "atk", "pct": 0.1, "dur": 3}]
zb2_4	棍扫一片	active	0.45		[{"k": "dmg", "tg": "row", "mult": 0.98}, {"k": "status", "tg": "hit", "st": "stun", "chance": 0.25, "dur": 1}]
zt2_1	名师绝学	active	0.6		[{"k": "dmg", "tg": "single", "mult": 2.0}, {"k": "status", "tg": "hit", "st": "vuln", "chance": 0.4, "dur": 2, "val": 0.2}]
zt2_2	天下武师	cmd			[{"k": "buff", "tg": "mates", "stat": "atk", "pct": 0.1, "dur": 3}, {"k": "buff", "tg": "mates", "stat": "int", "pct": 0.1, "dur": 3}]
zt2_3	武学宗师	sure		3	[{"k": "shield", "tg": "mates", "pct": 0.1}]
zt2_4	偷师学艺	sure		2	[{"k": "steal", "tg": "strongest", "stat": "atk", "pct": 0.3, "dur": 3}]
gq1	高俅踢球	active	0.6		[{"k": "dmg", "tg": "single", "mult": 1.64}]
gq2	权倾朝野	active	0.45		[{"k": "status", "tg": "smartest", "st": "chaos", "chance": 0.7, "dur": 1}, {"k": "dmg", "tg": "smartest", "mult": 0.48, "src": "int"}]
gq3	贪赃枉法	sure		2	[{"k": "steal", "tg": "strongest", "stat": "atk", "pct": 0.11, "dur": 3}]
gq4	太尉威风	cmd			[{"k": "buff", "tg": "mates", "stat": "def", "pct": 0.12, "dur": 3}]
tg1	童贯统军	active	0.5		[{"k": "buff", "tg": "mates", "stat": "agi", "pct": 0.35, "dur": 2}]
tg2	十万大军	cmd			[{"k": "buff", "tg": "mates", "stat": "atk", "pct": 0.07, "dur": 3}]
tg3	朝廷庇护	cmd			[{"k": "buff", "tg": "mates", "stat": "def", "pct": 0.1, "dur": 3}]
tg4	枢密使威严	cmd			[{"k": "buff", "tg": "mates", "stat": "def", "pct": 0.12, "dur": 3}]
qh1	莫须有	active	0.45		[{"k": "status", "tg": "smartest", "st": "silence", "chance": 0.8, "dur": 2}, {"k": "dmg", "tg": "smartest", "mult": 1.59, "src": "int"}]
qh2	口蜜腹剑	active	0.45		[{"k": "status", "tg": "smartest", "st": "silence", "chance": 0.8, "dur": 2}, {"k": "dmg", "tg": "smartest", "mult": 1.55, "src": "int"}]
qh3	南宋奸相	cmd			[{"k": "buff", "tg": "mates", "stat": "agi", "pct": 0.21, "dur": 3}]
qh4	暗中毒计	active	0.55		[{"k": "dmg", "tg": "single", "mult": 2.54}, {"k": "status", "tg": "hit", "st": "poison", "chance": 0.35, "dur": 3}]
wqx1	酷吏审讯	active	0.45		[{"k": "status", "tg": "smartest", "st": "silence", "chance": 0.8, "dur": 2}, {"k": "dmg", "tg": "smartest", "mult": 0.86, "src": "int"}]
wqx2	罗织罪名	active	0.45		[{"k": "status", "tg": "smartest", "st": "silence", "chance": 0.8, "dur": 2}, {"k": "dmg", "tg": "smartest", "mult": 1.03, "src": "int"}]
wqx3	奸佞之击	active	0.55		[{"k": "dmg", "tg": "single", "mult": 1.62}, {"k": "status", "tg": "hit", "st": "bleed", "chance": 0.3, "dur": 2}]
wqx4	秦桧党羽	cmd			[{"k": "buff", "tg": "mates", "stat": "atk", "pct": 0.09, "dur": 3}]
fl1	圣公神威	active	0.45		[{"k": "dmg", "tg": "all", "mult": 0.8, "src": "int"}, {"k": "status", "tg": "hit", "st": "burn", "chance": 0.3, "dur": 2}]
fl2	明教教主	cmd			[{"k": "buff", "tg": "mates", "stat": "int", "pct": 0.15, "dur": 3}, {"k": "buff", "tg": "mates", "stat": "atk", "pct": 0.08, "dur": 3}]
fl3	江南霸主	sure		3	[{"k": "shield", "tg": "mates", "pct": 0.12}]
fl4	蛊惑人心	active	0.45		[{"k": "status", "tg": "rand3", "st": "chaos", "chance": 0.5, "dur": 1}, {"k": "debuff", "tg": "rand3", "stat": "def", "pct": 0.15, "dur": 2}, {"k": "dmg", "tg": "rand3", "mult": 0.4, "src": "int"}]
sb1_n	劈风刀	active	0.65		[{"k": "dmg", "tg": "single", "mult": 2.2}, {"k": "status", "tg": "hit", "st": "bleed", "chance": 0.4, "dur": 2}]
sb2_n	流星锤	active	0.5		[{"k": "dmg", "tg": "row", "mult": 1.3}, {"k": "status", "tg": "hit", "st": "stun", "chance": 0.25, "dur": 1}]
sb3_n	南国大将	cmd			[{"k": "buff", "tg": "mates", "stat": "atk", "pct": 0.12, "dur": 3}]
sb4_n	石宝护体	passive			[{"k": "pcut", "pct": 0.1}, {"k": "pcounter", "chance": 0.25, "mult": 0.8}]
dyj1	宝光如来	active	0.65		[{"k": "dmg", "tg": "single", "mult": 2.1}, {"k": "status", "tg": "hit", "st": "stun", "chance": 0.3, "dur": 1}]
dyj2	佛门护法	sure		3	[{"k": "shield", "tg": "mates", "pct": 0.12}]
dyj3	佛光普照	active	0.6		[{"k": "heal", "tg": "mates", "mult": 1.0}]
dyj4	方腊国师	cmd			[{"k": "buff", "tg": "mates", "stat": "def", "pct": 0.12, "dur": 3}, {"k": "buff", "tg": "mates", "stat": "int", "pct": 0.1, "dur": 3}]
tth1	晋王神威	active	0.35		[{"k": "dmg", "tg": "all", "mult": 0.81}]
tth2	河北称王	cmd			[{"k": "buff", "tg": "mates", "stat": "atk", "pct": 0.1, "dur": 3}]
tth3	晋国护盾	sure		2	[{"k": "shield", "tg": "self", "pct": 0.33}]
tth4	田虎诡计	active	0.45		[{"k": "status", "tg": "smartest", "st": "chaos", "chance": 0.7, "dur": 1}, {"k": "dmg", "tg": "smartest", "mult": 1.64, "src": "int"}]
wl2_n	梨花枪	active	0.65		[{"k": "dmg", "tg": "single", "mult": 1.9}, {"k": "status", "tg": "hit", "st": "bleed", "chance": 0.3, "dur": 2}]
wl3_n	邬家枪法	active	0.55		[{"k": "dmg", "tg": "row", "mult": 1.3}]
wl4_n	田虎部将	cmd			[{"k": "buff", "tg": "mates", "stat": "atk", "pct": 0.1, "dur": 3}]
wl5_n	河北武将	passive			[{"k": "pcut", "pct": 0.12}, {"k": "pstat", "stat": "def", "pct": 0.06}]
wq1	淮西大王	active	0.35		[{"k": "dmg", "tg": "all", "mult": 0.79}]
wq2	称霸一方	passive			[{"k": "pstat", "stat": "def", "pct": 0.15}]
wq3	淮西护体	sure		2	[{"k": "shield", "tg": "self", "pct": 0.33}]
wq4	王庆奸计	active	0.45		[{"k": "status", "tg": "smartest", "st": "chaos", "chance": 0.7, "dur": 1}, {"k": "dmg", "tg": "smartest", "mult": 1.78, "src": "int"}]
lz1	金剑先生	active	0.65		[{"k": "dmg", "tg": "single", "mult": 1.9, "src": "int"}, {"k": "status", "tg": "hit", "st": "silence", "chance": 0.4, "dur": 1}]
lz2	妖法惑众	active	0.65		[{"k": "status", "tg": "rand2", "st": "chaos", "chance": 0.5, "dur": 1}]
lz3	偷天换日	sure		2	[{"k": "steal", "tg": "strongest", "stat": "atk", "pct": 0.3, "dur": 3}]
lz4	金剑护法	cmd			[{"k": "buff", "tg": "mates", "stat": "int", "pct": 0.18, "dur": 3}, {"k": "buff", "tg": "mates", "stat": "agi", "pct": 0.06, "dur": 3}]
dsn1	妖女飞刀	active	0.45		[{"k": "status", "tg": "smartest", "st": "chaos", "chance": 0.7, "dur": 1}, {"k": "dmg", "tg": "smartest", "mult": 0.95, "src": "int"}]
dsn2	妖法迷人	active	0.45		[{"k": "status", "tg": "smartest", "st": "chaos", "chance": 0.7, "dur": 1}, {"k": "dmg", "tg": "smartest", "mult": 1.06, "src": "int"}]
dsn3	吸精大法	sure		2	[{"k": "steal", "tg": "strongest", "stat": "atk", "pct": 0.19, "dur": 3}]
dsn4	妖女护体	active	0.45		[{"k": "status", "tg": "smartest", "st": "chaos", "chance": 0.7, "dur": 1}, {"k": "dmg", "tg": "smartest", "mult": 1.62, "src": "int"}]
hzb1	贺家枪法	active	0.65		[{"k": "dmg", "tg": "single", "mult": 1.9}, {"k": "status", "tg": "hit", "st": "bleed", "chance": 0.3, "dur": 2}]
hzb2	妖法阵阵	active	0.5		[{"k": "status", "tg": "rand2", "st": "chaos", "chance": 0.45, "dur": 1}, {"k": "dmg", "tg": "rand2", "mult": 0.5, "src": "int"}]
hzb3	辽国猛将	cmd			[{"k": "buff", "tg": "mates", "stat": "atk", "pct": 0.1, "dur": 3}]
hzb4	贺重宝护体	sure		2	[{"k": "shield", "tg": "self", "pct": 0.35}, {"k": "status", "tg": "self", "st": "taunt", "chance": 1.0, "dur": 1}]
xzj1	小遮拦	active	0.6		[{"k": "dmg", "tg": "single", "mult": 2.05}]
xzj2	遮拦枪法	active	0.45		[{"k": "dmg", "tg": "row", "mult": 1.1}, {"k": "status", "tg": "hit", "st": "bleed", "chance": 0.3, "dur": 2}]
xzj3	穆家枪	active	0.55		[{"k": "dmg", "tg": "single", "mult": 2.11}, {"k": "status", "tg": "hit", "st": "bleed", "chance": 0.3, "dur": 2}]
xzj4	穆家兄弟	cmd			[{"k": "buff", "tg": "mates", "stat": "agi", "pct": 0.29, "dur": 3}]
lj1	混江龙	active	0.6		[{"k": "dmg", "tg": "single", "mult": 1.96}]
lj2	水底翻江	active	0.35		[{"k": "dmg", "tg": "all", "mult": 0.75}]
lj3	水军头领	cmd			[{"k": "buff", "tg": "mates", "stat": "atk", "pct": 0.09, "dur": 3}]
lj4	梁山水军	cmd			[{"k": "buff", "tg": "mates", "stat": "def", "pct": 0.16, "dur": 3}]
zh2_n	船火儿	active	0.55		[{"k": "dmg", "tg": "single", "mult": 2.0}, {"k": "status", "tg": "hit", "st": "burn", "chance": 0.3, "dur": 2}]
zh3_n	水上霸王	passive			[{"k": "pstat", "stat": "atk", "pct": 0.1}]
zh4_n	船家护体	sure		2	[{"k": "shield", "tg": "self", "pct": 0.33}]
zh5_n	水中偷袭	sure		2	[{"k": "steal", "tg": "strongest", "stat": "atk", "pct": 0.22, "dur": 3}]
lw1	插翅虎	active	0.6		[{"k": "dmg", "tg": "single", "mult": 2.12}]
lw2	雷横铁棒	active	0.45		[{"k": "dmg", "tg": "row", "mult": 1.07}, {"k": "status", "tg": "hit", "st": "burn", "chance": 0.3, "dur": 2}]
lw3	铁棒护体	sure		2	[{"k": "shield", "tg": "self", "pct": 0.32}]
lw4	步兵头领	cmd			[{"k": "buff", "tg": "mates", "stat": "def", "pct": 0.19, "dur": 3}]
sq1	急先锋	active	0.65		[{"k": "dmg", "tg": "single", "mult": 2.0}, {"k": "status", "tg": "hit", "st": "bleed", "chance": 0.3, "dur": 2}]
sq2	斧法迅捷	active	0.55		[{"k": "dmg", "tg": "row", "mult": 1.35}]
sq3	先锋冲锋	cmd			[{"k": "buff", "tg": "mates", "stat": "agi", "pct": 0.12, "dur": 3}, {"k": "buff", "tg": "frontm", "stat": "atk", "pct": 0.1, "dur": 3}]
sq4	急先锋护体	passive			[{"k": "pfirst"}, {"k": "pdmg", "pct": 0.08}]
dp1	双枪将	active	0.55		[{"k": "dmg", "tg": "single", "mult": 1.8}, {"k": "dmg", "tg": "single", "mult": 0.7}]
dp2	双枪齐出	active	0.5		[{"k": "dmg", "tg": "col", "mult": 1.4}]
dp3	董平神力	cmd			[{"k": "buff", "tg": "mates", "stat": "atk", "pct": 0.1, "dur": 3}, {"k": "buff", "tg": "self", "stat": "agi", "pct": 0.15, "dur": 3}]
dp4	双枪护体	passive			[{"k": "pdodge", "chance": 0.12}, {"k": "pshield", "pct": 0.1}]
zq2n	没羽箭	active	0.55		[{"k": "dmg", "tg": "single", "mult": 1.9}, {"k": "status", "tg": "hit", "st": "stun", "chance": 0.35, "dur": 1}]
zq3n	飞石连珠	active	0.45		[{"k": "dmg", "tg": "col", "mult": 1.3}, {"k": "status", "tg": "hit", "st": "stun", "chance": 0.15, "dur": 1}]
zq4n	飞石迷眼	active	0.55		[{"k": "dmg", "tg": "rand2", "mult": 0.9}, {"k": "status", "tg": "hit", "st": "disarm", "chance": 0.7, "dur": 1}]
zq5n	没羽神射	passive			[{"k": "pcrit", "val": 0.08}, {"k": "pfirst"}]
jz1	金枪手	active	0.6		[{"k": "dmg", "tg": "single", "mult": 2.0}, {"k": "status", "tg": "hit", "st": "vuln", "chance": 0.4, "dur": 2, "val": 0.2}]
jz2	钩镰枪法	active	0.55		[{"k": "dmg", "tg": "col", "mult": 1.1}, {"k": "status", "tg": "hit", "st": "disarm", "chance": 0.3, "dur": 1}]
jz3	金枪护体	passive			[{"k": "pshield", "pct": 0.15}, {"k": "pcut", "pct": 0.06}]
jz4	教头传承	cmd			[{"k": "buff", "tg": "mates", "stat": "agi", "pct": 0.12, "dur": 3}, {"k": "buff", "tg": "mates", "stat": "atk", "pct": 0.06, "dur": 3}]
xz1	笑面虎	active	0.45		[{"k": "status", "tg": "smartest", "st": "silence", "chance": 0.8, "dur": 2}, {"k": "dmg", "tg": "smartest", "mult": 1.53, "src": "int"}]
xz2	笑脸迎人	active	0.45		[{"k": "status", "tg": "smartest", "st": "silence", "chance": 0.8, "dur": 2}, {"k": "dmg", "tg": "smartest", "mult": 1.53, "src": "int"}]
xz3	和事佬	sure		2	[{"k": "shield", "tg": "self", "pct": 0.33}]
xz4	梁山交际	cmd			[{"k": "buff", "tg": "mates", "stat": "atk", "pct": 0.15, "dur": 3}]
hsw1	九天玄女	active	0.6		[{"k": "dmg", "tg": "single", "mult": 2.08}]
hsw2	母夜叉	active	0.45		[{"k": "status", "tg": "smartest", "st": "chaos", "chance": 0.7, "dur": 1}, {"k": "dmg", "tg": "smartest", "mult": 1.14, "src": "int"}]
hsw3	玄女法术	sure		2	[{"k": "steal", "tg": "strongest", "stat": "atk", "pct": 0.2, "dur": 3}]
hsw4	思文护体	sure		2	[{"k": "shield", "tg": "self", "pct": 0.37}]
ht1	百胜将	active	0.6		[{"k": "dmg", "tg": "single", "mult": 1.97}]
ht2	韩家枪法	active	0.45		[{"k": "dmg", "tg": "row", "mult": 1.01}, {"k": "status", "tg": "hit", "st": "bleed", "chance": 0.3, "dur": 2}]
ht3	官军教头	cmd			[{"k": "buff", "tg": "mates", "stat": "atk", "pct": 0.09, "dur": 3}]
ht4	百胜护体	sure		2	[{"k": "shield", "tg": "self", "pct": 0.35}]
pq1	天目将	active	0.6		[{"k": "dmg", "tg": "single", "mult": 1.95}]
pq2	彭家三尖刀	active	0.45		[{"k": "dmg", "tg": "col", "mult": 1.0}, {"k": "status", "tg": "hit", "st": "bleed", "chance": 0.3, "dur": 2}]
pq3	天目神威	passive			[{"k": "pstat", "stat": "hp", "pct": 0.16}]
pq4	天目护体	sure		2	[{"k": "shield", "tg": "self", "pct": 0.36}]
wdg1	神火将	active	0.55		[{"k": "dmg", "tg": "single", "mult": 1.89}, {"k": "status", "tg": "hit", "st": "burn", "chance": 0.3, "dur": 2}]
wdg2	烈焰焚天	active	0.35		[{"k": "dmg", "tg": "all", "mult": 0.59}, {"k": "status", "tg": "hit", "st": "burn", "chance": 0.3, "dur": 2}]
wdg3	神火护体	sure		2	[{"k": "shield", "tg": "self", "pct": 0.26}]
wdg4	火攻阵	active	0.55		[{"k": "dmg", "tg": "single", "mult": 2.23}, {"k": "status", "tg": "hit", "st": "burn", "chance": 0.3, "dur": 2}]
xjs1	神机妙算	active	0.5		[{"k": "buff", "tg": "mates", "stat": "def", "pct": 0.33, "dur": 2}]
xjs2	算无遗策	cmd			[{"k": "buff", "tg": "mates", "stat": "int", "pct": 0.17, "dur": 3}]
xjs3	河北义士	cmd			[{"k": "buff", "tg": "mates", "stat": "atk", "pct": 0.12, "dur": 3}]
xjs4	嘉穗之恩	sure		2	[{"k": "heal", "tg": "mates", "mult": 0.5}]
qdq1	幻魔真人	active	0.5		[{"k": "dmg", "tg": "all", "mult": 0.75, "src": "int"}]
qdq2	妖雾弥漫	active	0.65		[{"k": "status", "tg": "rand3", "st": "chaos", "chance": 0.4, "dur": 1}]
qdq3	幻魔大法	sure		2	[{"k": "steal", "tg": "strongest", "stat": "int", "pct": 0.35, "dur": 3}]
qdq4	道法回春	sure		2	[{"k": "heal", "tg": "self", "mult": 2.0}, {"k": "status", "tg": "self", "st": "dodge", "chance": 1.0, "dur": 2, "val": 0.2}]
ml1	神兽金甲	active	0.55		[{"k": "dmg", "tg": "all", "mult": 0.55, "src": "int"}, {"k": "status", "tg": "hit", "st": "burn", "chance": 0.25, "dur": 2}]
ml2	金砖法术	active	0.45		[{"k": "dmg", "tg": "rand2", "mult": 0.8, "src": "int"}, {"k": "status", "tg": "hit", "st": "stun", "chance": 0.45, "dur": 1}]
ml3	法术偷天	sure		2	[{"k": "steal", "tg": "strongest", "stat": "agi", "pct": 0.35, "dur": 3}]
ml4	金甲护法	sure		2	[{"k": "shield", "tg": "mates", "pct": 0.12}]
ybs1	险道神	active	0.6		[{"k": "dmg", "tg": "single", "mult": 1.75}]
ybs2	高大身躯	passive			[{"k": "pcounter", "chance": 0.16, "mult": 0.8}]
ybs3	梁山旗手	cmd			[{"k": "buff", "tg": "mates", "stat": "atk", "pct": 0.07, "dur": 3}]
ybs4	巨汉冲击	active	0.45		[{"k": "dmg", "tg": "row", "mult": 1.0}, {"k": "status", "tg": "hit", "st": "bleed", "chance": 0.3, "dur": 2}]
djz1	金毛犬	active	0.6		[{"k": "dmg", "tg": "single", "mult": 1.65}]
djz2	偷马贼	sure		2	[{"k": "steal", "tg": "strongest", "stat": "atk", "pct": 0.13, "dur": 3}]
djz3	盗亦有道	sure		2	[{"k": "steal", "tg": "strongest", "stat": "atk", "pct": 0.12, "dur": 3}]
djz4	草上飞	passive			[{"k": "pdodge", "chance": 0.14}]
mk1	玉幡竿	active	0.6		[{"k": "dmg", "tg": "single", "mult": 1.69}]
mk2	造船匠	passive			[{"k": "pshield", "pct": 0.17}]
mk3	梁山工匠	cmd			[{"k": "buff", "tg": "mates", "stat": "atk", "pct": 0.08, "dur": 3}]
mk4	船匠之击	active	0.45		[{"k": "dmg", "tg": "row", "mult": 1.0}, {"k": "status", "tg": "hit", "st": "bleed", "chance": 0.3, "dur": 2}]
tzw1	九尾龟	active	0.6		[{"k": "dmg", "tg": "single", "mult": 1.68}]
tzw2	农夫之力	passive			[{"k": "pstat", "stat": "def", "pct": 0.1}]
tzw3	梁山农夫	cmd			[{"k": "buff", "tg": "mates", "stat": "agi", "pct": 0.15, "dur": 3}]
tzw4	铁锹横扫	active	0.45		[{"k": "dmg", "tg": "row", "mult": 0.86}, {"k": "status", "tg": "hit", "st": "stun", "chance": 0.25, "dur": 1}]
sq2_n	铁扇子	active	0.45		[{"k": "status", "tg": "smartest", "st": "chaos", "chance": 0.7, "dur": 1}, {"k": "dmg", "tg": "smartest", "mult": 0.6, "src": "int"}]
sq3_n	宋家宴会	cmd			[{"k": "buff", "tg": "mates", "stat": "agi", "pct": 0.14, "dur": 3}]
sq4_n	铁扇迷魂	active	0.45		[{"k": "status", "tg": "smartest", "st": "chaos", "chance": 0.7, "dur": 1}, {"k": "dmg", "tg": "smartest", "mult": 0.78, "src": "int"}]
sq5_n	宋家护盾	sure		2	[{"k": "shield", "tg": "self", "pct": 0.28}]
hx1	误走妖魔	active	0.45		[{"k": "status", "tg": "smartest", "st": "chaos", "chance": 0.7, "dur": 1}, {"k": "dmg", "tg": "smartest", "mult": 0.58, "src": "int"}]
hx2	太尉权势	sure		2	[{"k": "steal", "tg": "strongest", "stat": "atk", "pct": 0.12, "dur": 3}]
hx3	朝廷命官	cmd			[{"k": "buff", "tg": "mates", "stat": "atk", "pct": 0.08, "dur": 3}]
hx4	洪太尉	active	0.6		[{"k": "dmg", "tg": "single", "mult": 2.15}]
zt1_n	天师道法	active	0.6		[{"k": "heal", "tg": "mates", "mult": 0.8}]
zt2_n	天师符咒	active	0.35		[{"k": "status", "tg": "rand3", "st": "silence", "chance": 0.7, "dur": 2}, {"k": "dmg", "tg": "rand3", "mult": 0.4, "src": "int"}]
zt3_n	龙虎山天师	cmd			[{"k": "buff", "tg": "mates", "stat": "int", "pct": 0.14, "dur": 3}, {"k": "cleanse", "tg": "mates"}]
zt4_n	道法护身	sure		2	[{"k": "shield", "tg": "mates", "pct": 0.12}]
zct1	曾家枪法	active	0.55		[{"k": "dmg", "tg": "single", "mult": 1.86}, {"k": "status", "tg": "hit", "st": "bleed", "chance": 0.3, "dur": 2}]
zct2	曾头市教头	cmd			[{"k": "buff", "tg": "mates", "stat": "def", "pct": 0.14, "dur": 3}]
zct3	曾家五虎	cmd			[{"k": "buff", "tg": "mates", "stat": "atk", "pct": 0.1, "dur": 3}]
zct4	曾涂护体	sure		2	[{"k": "shield", "tg": "self", "pct": 0.32}]
swg1	史家枪法	active	0.65		[{"k": "dmg", "tg": "single", "mult": 2.2}, {"k": "status", "tg": "hit", "st": "poison", "chance": 0.4, "dur": 3}]
swg2	神枪贯日	active	0.55		[{"k": "dmg", "tg": "col", "mult": 1.5}]
swg3	曾头市教师	cmd			[{"k": "buff", "tg": "mates", "stat": "atk", "pct": 0.1, "dur": 3}, {"k": "debuff", "tg": "all", "stat": "agi", "pct": 0.1, "dur": 2}]
swg4	铁甲护身	passive			[{"k": "pcut", "pct": 0.08}, {"k": "pdodge", "chance": 0.1}]
pwc1	九天飞刀	active	0.65		[{"k": "dmg", "tg": "weakest", "mult": 2.0}, {"k": "status", "tg": "hit", "st": "poison", "chance": 0.4, "dur": 3}]
pwc2	飞刀连射	active	0.55		[{"k": "dmg", "tg": "col", "mult": 1.35}]
pwc3	飞刀迷眼	active	0.65		[{"k": "dmg", "tg": "rand2", "mult": 0.6}, {"k": "status", "tg": "hit", "st": "disarm", "chance": 0.7, "dur": 1}]
pwc4	方腊神射手	passive			[{"k": "pcrit", "val": 0.12}, {"k": "pstat", "stat": "agi", "pct": 0.08}, {"k": "pstat", "stat": "atk", "pct": 0.05}]
lf1	小温侯	active	0.6		[{"k": "dmg", "tg": "single", "mult": 2.01}]
lf2	方天画戟	active	0.45		[{"k": "dmg", "tg": "row", "mult": 1.02}, {"k": "status", "tg": "hit", "st": "bleed", "chance": 0.3, "dur": 2}]
lf3	吕方护体	sure		2	[{"k": "shield", "tg": "self", "pct": 0.32}]
lf4	宋江亲随	cmd			[{"k": "buff", "tg": "mates", "stat": "agi", "pct": 0.28, "dur": 3}]
gs3_n	赛仁贵	active	0.6		[{"k": "dmg", "tg": "single", "mult": 1.87}]
gs4_n	郭家枪法	active	0.45		[{"k": "dmg", "tg": "col", "mult": 0.97}, {"k": "status", "tg": "hit", "st": "bleed", "chance": 0.3, "dur": 2}]
gs5_n	郭盛护体	sure		2	[{"k": "shield", "tg": "self", "pct": 0.26}]
gs6_n	梁山护卫	cmd			[{"k": "buff", "tg": "mates", "stat": "def", "pct": 0.18, "dur": 3}]
hfd1	兽医妙手	active	0.5		[{"k": "heal", "tg": "lowest", "mult": 4.0}]
hfd2	宝马良驹	cmd			[{"k": "buff", "tg": "mates", "stat": "atk", "pct": 0.1, "dur": 3}]
hfd3	对症下药	sure		2	[{"k": "heal", "tg": "mates", "mult": 0.4}]
hfd4	兽医护盾	sure		2	[{"k": "heal", "tg": "mates", "mult": 0.5}]
cf1	铁臂膊	active	0.6		[{"k": "dmg", "tg": "single", "mult": 1.68}]
cf2	生死判官	active	0.45		[{"k": "status", "tg": "smartest", "st": "chaos", "chance": 0.7, "dur": 1}, {"k": "dmg", "tg": "smartest", "mult": 0.73, "src": "int"}]
cf3	刑场老手	sure		2	[{"k": "steal", "tg": "strongest", "stat": "atk", "pct": 0.12, "dur": 3}]
cf4	狱卒护体	sure		2	[{"k": "shield", "tg": "self", "pct": 0.28}]
cq1	一枝花	active	0.6		[{"k": "dmg", "tg": "single", "mult": 1.75}]
cq2	花言巧语	active	0.45		[{"k": "status", "tg": "smartest", "st": "chaos", "chance": 0.7, "dur": 1}, {"k": "dmg", "tg": "smartest", "mult": 0.59, "src": "int"}]
cq3	窃窃私语	active	0.45		[{"k": "status", "tg": "smartest", "st": "silence", "chance": 0.8, "dur": 2}, {"k": "dmg", "tg": "smartest", "mult": 1.16, "src": "int"}]
cq4	一枝花护体	sure		2	[{"k": "shield", "tg": "self", "pct": 0.28}]
jj1	神算子	active	0.5		[{"k": "buff", "tg": "mates", "stat": "def", "pct": 0.33, "dur": 2}]
jj2	算无遗策	cmd			[{"k": "buff", "tg": "mates", "stat": "int", "pct": 0.18, "dur": 3}]
jj3	精打细算	cmd			[{"k": "buff", "tg": "mates", "stat": "int", "pct": 0.18, "dur": 3}]
jj4	账房先生	sure		2	[{"k": "heal", "tg": "mates", "mult": 0.5}]
px1	铁面孔目	active	0.6		[{"k": "dmg", "tg": "single", "mult": 2.11}]
px2	法度严明	cmd			[{"k": "buff", "tg": "mates", "stat": "atk", "pct": 0.11, "dur": 3}]
px3	孔目审讯	active	0.45		[{"k": "status", "tg": "smartest", "st": "silence", "chance": 0.8, "dur": 2}, {"k": "dmg", "tg": "smartest", "mult": 1.78, "src": "int"}]
px4	法律护盾	sure		2	[{"k": "shield", "tg": "self", "pct": 0.36}]
op1	摩云金翅	active	0.6		[{"k": "dmg", "tg": "single", "mult": 1.98}]
op2	鹏飞万里	passive			[{"k": "pdodge", "chance": 0.13}]
op3	摩云翱翔	passive			[{"k": "pstat", "stat": "hp", "pct": 0.15}]
op4	金翅护体	sure		2	[{"k": "shield", "tg": "self", "pct": 0.31}]
dz1	丧门神	active	0.6		[{"k": "dmg", "tg": "single", "mult": 2.1}]
dz2	铁锏横扫	active	0.45		[{"k": "dmg", "tg": "row", "mult": 0.86}, {"k": "status", "tg": "hit", "st": "stun", "chance": 0.25, "dur": 1}]
dz3	铁壁铜墙	sure		2	[{"k": "shield", "tg": "self", "pct": 0.3}]
dz4	步军威猛	passive			[{"k": "pstat", "stat": "def", "pct": 0.2}]
yl2_n	锦豹子	active	0.6		[{"k": "dmg", "tg": "single", "mult": 1.94}]
yl3_n	豹子冲锋	active	0.45		[{"k": "dmg", "tg": "row", "mult": 1.01}, {"k": "status", "tg": "hit", "st": "bleed", "chance": 0.3, "dur": 2}]
yl4_n	豹行潜踪	passive			[{"k": "pdodge", "chance": 0.16}]
yl5_n	锦豹护体	sure		2	[{"k": "shield", "tg": "self", "pct": 0.36}]
lz2_n	轰天雷	active	0.45		[{"k": "dmg", "tg": "all", "mult": 0.5, "src": "int"}, {"k": "status", "tg": "hit", "st": "stun", "chance": 0.2, "dur": 1}]
lz3_n	火炮齐射	active	0.45		[{"k": "dmg", "tg": "row", "mult": 1.3, "src": "int"}, {"k": "status", "tg": "hit", "st": "burn", "chance": 0.3, "dur": 2}]
lz4_n	火炮教头	cmd			[{"k": "debuff", "tg": "all", "stat": "def", "pct": 0.15, "dur": 2}, {"k": "debuff", "tg": "all", "stat": "atk", "pct": 0.08, "dur": 2}]
lz5_n	火药护体	passive			[{"k": "pshield", "pct": 0.2}, {"k": "pcut", "pct": 0.06}]
jz2_n	蒋门神力	active	0.6		[{"k": "dmg", "tg": "single", "mult": 1.88}]
jz3_n	恶霸拳法	passive			[{"k": "pstat", "stat": "atk", "pct": 0.09}]
jz4_n	孟州恶霸	passive			[{"k": "pfollow", "chance": 0.26, "mult": 0.6}]
jz5_n	快活林霸主	passive			[{"k": "pcounter", "chance": 0.3, "mult": 0.8}]
pjl1	美人计	active	0.45		[{"k": "status", "tg": "smartest", "st": "chaos", "chance": 0.7, "dur": 1}, {"k": "dmg", "tg": "smartest", "mult": 0.43, "src": "int"}]
pjl2	柔情似水	sure		2	[{"k": "steal", "tg": "strongest", "stat": "atk", "pct": 0.11, "dur": 3}]
pjl3	风情万种	sure		2	[{"k": "heal", "tg": "mates", "mult": 0.2}]
pjl4	柔弱外表	sure		2	[{"k": "shield", "tg": "self", "pct": 0.26}]
ztt1	镇关西拳法	active	0.55		[{"k": "dmg", "tg": "single", "mult": 1.82}, {"k": "status", "tg": "hit", "st": "bleed", "chance": 0.3, "dur": 2}]
ztt2	屠夫砍杀	active	0.45		[{"k": "dmg", "tg": "row", "mult": 1.01}, {"k": "status", "tg": "hit", "st": "bleed", "chance": 0.3, "dur": 2}]
ztt3	肉铺老板	sure		2	[{"k": "shield", "tg": "self", "pct": 0.25}]
ztt4	渭州恶霸	passive			[{"k": "pstat", "stat": "hp", "pct": 0.22}]
cl1	曹正操刀	active	0.55		[{"k": "dmg", "tg": "single", "mult": 1.51}, {"k": "status", "tg": "hit", "st": "bleed", "chance": 0.3, "dur": 2}]
cl2	肉铺刀法	active	0.45		[{"k": "dmg", "tg": "row", "mult": 0.83}, {"k": "status", "tg": "hit", "st": "bleed", "chance": 0.3, "dur": 2}]
cl3	屠夫筋骨	passive			[{"k": "pcounter", "chance": 0.19, "mult": 0.8}]
cl4	梁山厨师	cmd			[{"k": "buff", "tg": "mates", "stat": "agi", "pct": 0.2, "dur": 3}]
ly2n	飞天神力	active	0.6		[{"k": "dmg", "tg": "single", "mult": 1.92}]
ly3n	大圣闹海	active	0.45		[{"k": "dmg", "tg": "row", "mult": 0.8}, {"k": "status", "tg": "hit", "st": "stun", "chance": 0.25, "dur": 1}]
ly4n	飞檐走壁	passive			[{"k": "pdodge", "chance": 0.15}]
ly5n	飞天军	passive			[{"k": "pstat", "stat": "hp", "pct": 0.19}]
xc1	八臂神力	active	0.6		[{"k": "dmg", "tg": "single", "mult": 2.07}]
xc2	哪吒闹海	active	0.45		[{"k": "dmg", "tg": "row", "mult": 0.86}, {"k": "status", "tg": "hit", "st": "stun", "chance": 0.25, "dur": 1}]
xc3	八臂护体	sure		2	[{"k": "shield", "tg": "self", "pct": 0.32}]
xc4	飞龙使	passive			[{"k": "pdodge", "chance": 0.22}]
hb1	火眼狻猊	active	0.55		[{"k": "dmg", "tg": "single", "mult": 1.79}, {"k": "status", "tg": "hit", "st": "burn", "chance": 0.3, "dur": 2}]
hb2	狻猊怒吼	active	0.45		[{"k": "dmg", "tg": "col", "mult": 0.97}, {"k": "status", "tg": "hit", "st": "bleed", "chance": 0.3, "dur": 2}]
hb3	铜皮铁骨	passive			[{"k": "pcounter", "chance": 0.23, "mult": 0.8}]
hb4	步军猛将	passive			[{"k": "pstat", "stat": "atk", "pct": 0.12}]
gs1n	顾大嫂母夜叉	active	0.6		[{"k": "dmg", "tg": "single", "mult": 1.97}]
gs2n	夜叉横扫	active	0.35		[{"k": "dmg", "tg": "all", "mult": 0.79}]
gs3n	母性护犊	sure		2	[{"k": "shield", "tg": "self", "pct": 0.26}]
gs4n	孙新顾大嫂	cmd			[{"k": "buff", "tg": "mates", "stat": "atk", "pct": 0.13, "dur": 3}]
sx1	孙新小尉迟	active	0.6		[{"k": "dmg", "tg": "single", "mult": 1.86}]
sx2	尉迟枪法	active	0.45		[{"k": "dmg", "tg": "col", "mult": 0.95}, {"k": "status", "tg": "hit", "st": "bleed", "chance": 0.3, "dur": 2}]
sx3	铁鞭护体	sure		2	[{"k": "shield", "tg": "self", "pct": 0.27}]
sx4	登州系	cmd			[{"k": "buff", "tg": "mates", "stat": "atk", "pct": 0.13, "dur": 3}]
kh2n	孔明白虎山	active	0.6		[{"k": "dmg", "tg": "single", "mult": 1.69}]
kh2n2	白虎横扫	active	0.35		[{"k": "dmg", "tg": "all", "mult": 0.68}]
kh2n3	白虎护体	sure		2	[{"k": "shield", "tg": "self", "pct": 0.21}]
kh2n4	白虎山寨	cmd			[{"k": "buff", "tg": "mates", "stat": "atk", "pct": 0.1, "dur": 3}]
kl1	孔亮独火星	active	0.55		[{"k": "dmg", "tg": "single", "mult": 1.6}, {"k": "status", "tg": "hit", "st": "burn", "chance": 0.3, "dur": 2}]
kl2	火星冲撞	active	0.45		[{"k": "dmg", "tg": "col", "mult": 0.86}, {"k": "status", "tg": "hit", "st": "burn", "chance": 0.3, "dur": 2}]
kl3	火星护体	sure		2	[{"k": "shield", "tg": "self", "pct": 0.21}]
kl4	白虎山寨	cmd			[{"k": "buff", "tg": "mates", "stat": "atk", "pct": 0.09, "dur": 3}]
ll1	没面目刀	active	0.55		[{"k": "dmg", "tg": "single", "mult": 1.83}, {"k": "status", "tg": "hit", "st": "bleed", "chance": 0.3, "dur": 2}]
ll2	笑里藏刀	active	0.55		[{"k": "dmg", "tg": "single", "mult": 1.98}, {"k": "status", "tg": "hit", "st": "bleed", "chance": 0.3, "dur": 2}]
ll3	暗中下手	sure		2	[{"k": "steal", "tg": "strongest", "stat": "atk", "pct": 0.18, "dur": 3}]
ll4	面目模糊	passive			[{"k": "pdodge", "chance": 0.19}]
cb1	出洞蛟	active	0.6		[{"k": "dmg", "tg": "single", "mult": 1.71}]
cb2	翻江倒海	active	0.35		[{"k": "dmg", "tg": "all", "mult": 0.65}]
cb3	水底潜行	passive			[{"k": "pdodge", "chance": 0.12}]
cb4	水军精锐	cmd			[{"k": "buff", "tg": "mates", "stat": "agi", "pct": 0.2, "dur": 3}]
tm1	翻江蜃气	active	0.6		[{"k": "dmg", "tg": "single", "mult": 1.75}]
tm2	蜃楼幻影	passive			[{"k": "pdodge", "chance": 0.11}]
tm3	蜃甲护体	sure		2	[{"k": "shield", "tg": "self", "pct": 0.21}]
tm4	水军骁将	cmd			[{"k": "buff", "tg": "mates", "stat": "def", "pct": 0.14, "dur": 3}]
cjg1	蔡京权谋	active	0.5		[{"k": "buff", "tg": "mates", "stat": "atk", "pct": 0.17, "dur": 2}]
cjg2	奸相弄权	active	0.45		[{"k": "status", "tg": "smartest", "st": "chaos", "chance": 0.7, "dur": 1}, {"k": "dmg", "tg": "smartest", "mult": 0.56, "src": "int"}]
cjg3	搜刮民脂	sure		2	[{"k": "steal", "tg": "strongest", "stat": "atk", "pct": 0.12, "dur": 3}]
cjg4	六贼之首	cmd			[{"k": "buff", "tg": "mates", "stat": "def", "pct": 0.12, "dur": 3}]
lzs2n	梁中书将令	active	0.5		[{"k": "buff", "tg": "mates", "stat": "atk", "pct": 0.17, "dur": 2}]
lzs2n2	大名府铁骑	cmd			[{"k": "buff", "tg": "mates", "stat": "agi", "pct": 0.12, "dur": 3}]
lzs2n3	府尹权威	cmd			[{"k": "buff", "tg": "mates", "stat": "agi", "pct": 0.15, "dur": 3}]
lzs2n4	守城将令	cmd			[{"k": "buff", "tg": "mates", "stat": "agi", "pct": 0.18, "dur": 3}]
xzf1	西门庆淫威	active	0.6		[{"k": "dmg", "tg": "single", "mult": 1.69}]
xzf2	风月场	active	0.45		[{"k": "status", "tg": "smartest", "st": "chaos", "chance": 0.7, "dur": 1}, {"k": "dmg", "tg": "smartest", "mult": 0.57, "src": "int"}]
xzf3	巧取豪夺	sure		2	[{"k": "steal", "tg": "strongest", "stat": "atk", "pct": 0.13, "dur": 3}]
xzf4	阳谷县恶霸	passive			[{"k": "pstat", "stat": "hp", "pct": 0.17}]
dj1	都监鹰犬	active	0.6		[{"k": "dmg", "tg": "single", "mult": 1.66}]
dj2	官军围剿	active	0.45		[{"k": "dmg", "tg": "col", "mult": 0.77}, {"k": "status", "tg": "hit", "st": "bleed", "chance": 0.3, "dur": 2}]
dj3	官府靠山	sure		2	[{"k": "shield", "tg": "self", "pct": 0.18}]
dj4	朝廷命官	cmd			[{"k": "buff", "tg": "mates", "stat": "agi", "pct": 0.16, "dur": 3}]
ywc1	张文远风流	active	0.6		[{"k": "dmg", "tg": "single", "mult": 1.67}]
ywc2	勾引唆使	active	0.45		[{"k": "status", "tg": "smartest", "st": "chaos", "chance": 0.7, "dur": 1}, {"k": "dmg", "tg": "smartest", "mult": 0.63, "src": "int"}]
ywc3	偷香窃玉	sure		2	[{"k": "steal", "tg": "strongest", "stat": "atk", "pct": 0.12, "dur": 3}]
ywc4	书吏狡诈	sure		2	[{"k": "shield", "tg": "self", "pct": 0.29}]
ljz1	李固忘恩	active	0.5		[{"k": "heal", "tg": "lowest", "mult": 2.8}]
ljz2	告密陷害	active	0.45		[{"k": "status", "tg": "smartest", "st": "silence", "chance": 0.8, "dur": 2}, {"k": "dmg", "tg": "smartest", "mult": 0.95, "src": "int"}]
ljz3	吞没家产	sure		2	[{"k": "steal", "tg": "strongest", "stat": "atk", "pct": 0.12, "dur": 3}]
ljz4	忘恩负义	sure		2	[{"k": "heal", "tg": "mates", "mult": 0.3}]
hl1	何九叔见证	active	0.6		[{"k": "dmg", "tg": "single", "mult": 1.7}]
hl2	市井人情	active	0.5		[{"k": "heal", "tg": "lowest", "mult": 3.3}]
hl3	明哲保身	passive			[{"k": "pcounter", "chance": 0.18, "mult": 0.8}]
hl4	阳谷县街坊	cmd			[{"k": "buff", "tg": "mates", "stat": "atk", "pct": 0.1, "dur": 3}]
yhz1	阎婆惜要挟	active	0.45		[{"k": "status", "tg": "smartest", "st": "silence", "chance": 0.8, "dur": 2}, {"k": "dmg", "tg": "smartest", "mult": 0.85, "src": "int"}]
yhz2	枕边风	active	0.45		[{"k": "status", "tg": "smartest", "st": "chaos", "chance": 0.7, "dur": 1}, {"k": "dmg", "tg": "smartest", "mult": 0.53, "src": "int"}]
yhz3	勒索书信	active	0.45		[{"k": "status", "tg": "smartest", "st": "silence", "chance": 0.8, "dur": 2}, {"k": "dmg", "tg": "smartest", "mult": 1.16, "src": "int"}]
yhz4	烟花女子	sure		2	[{"k": "shield", "tg": "self", "pct": 0.26}]
dzg1	董针姑媚术	active	0.45		[{"k": "status", "tg": "smartest", "st": "chaos", "chance": 0.7, "dur": 1}, {"k": "dmg", "tg": "smartest", "mult": 0.41, "src": "int"}]
dzg2	勾魂夺魄	active	0.45		[{"k": "dmg", "tg": "single", "mult": 1.43}, {"k": "status", "tg": "hit", "st": "disarm", "chance": 0.7, "dur": 1}]
dzg3	盗取精气	sure		2	[{"k": "steal", "tg": "strongest", "stat": "atk", "pct": 0.13, "dur": 3}]
dzg4	妖媚之术	active	0.45		[{"k": "status", "tg": "smartest", "st": "chaos", "chance": 0.7, "dur": 1}, {"k": "dmg", "tg": "smartest", "mult": 0.95, "src": "int"}]
bq1	黄文炳告密	active	0.45		[{"k": "status", "tg": "smartest", "st": "silence", "chance": 0.8, "dur": 2}, {"k": "dmg", "tg": "smartest", "mult": 0.87, "src": "int"}]
bq2	谗言陷害	active	0.45		[{"k": "status", "tg": "smartest", "st": "silence", "chance": 0.8, "dur": 2}, {"k": "dmg", "tg": "smartest", "mult": 0.98, "src": "int"}]
bq3	搜刮民财	sure		2	[{"k": "steal", "tg": "strongest", "stat": "atk", "pct": 0.11, "dur": 3}]
bq4	江州通判	cmd			[{"k": "buff", "tg": "mates", "stat": "atk", "pct": 0.09, "dur": 3}]
lm1	刘高妒功	active	0.6		[{"k": "dmg", "tg": "single", "mult": 1.66}]
lm2	谗言诬告	active	0.45		[{"k": "status", "tg": "smartest", "st": "silence", "chance": 0.8, "dur": 2}, {"k": "dmg", "tg": "smartest", "mult": 1.03, "src": "int"}]
lm3	知寨特权	sure		2	[{"k": "shield", "tg": "self", "pct": 0.2}]
lm4	清风寨主	cmd			[{"k": "buff", "tg": "mates", "stat": "agi", "pct": 0.18, "dur": 3}]
cwg1	程万里守城	active	0.35		[{"k": "dmg", "tg": "all", "mult": 0.59}]
cwg2	东平府弓箭	active	0.45		[{"k": "dmg", "tg": "col", "mult": 0.7}, {"k": "status", "tg": "hit", "st": "vuln", "chance": 0.26, "dur": 2, "val": 0.2}]
cwg3	城墙坚固	sure		2	[{"k": "shield", "tg": "self", "pct": 0.18}]
cwg4	东平府尹	cmd			[{"k": "buff", "tg": "mates", "stat": "agi", "pct": 0.18, "dur": 3}]
hwl1	贺太守贪暴	sure		2	[{"k": "steal", "tg": "strongest", "stat": "atk", "pct": 0.1, "dur": 3}]
hwl2	酷吏刑求	active	0.45		[{"k": "status", "tg": "smartest", "st": "silence", "chance": 0.8, "dur": 2}, {"k": "dmg", "tg": "smartest", "mult": 1.01, "src": "int"}]
hwl3	贪赃枉法	sure		2	[{"k": "steal", "tg": "strongest", "stat": "atk", "pct": 0.12, "dur": 3}]
hwl4	华州太守	cmd			[{"k": "buff", "tg": "mates", "stat": "def", "pct": 0.12, "dur": 3}]
liu_tang_s1	赤发冲撞	active	0.55		[{"k": "dmg", "tg": "single", "mult": 1.84}, {"k": "status", "tg": "hit", "st": "stun", "chance": 0.25, "dur": 1}]
liu_tang_s2	横刀断岳	active	0.45		[{"k": "dmg", "tg": "row", "mult": 1.02}, {"k": "status", "tg": "hit", "st": "bleed", "chance": 0.3, "dur": 2}]
liu_tang_s3	醉卧沙场	sure		2	[{"k": "shield", "tg": "self", "pct": 0.33}]
liu_tang_s4	梁山聚义	cmd			[{"k": "buff", "tg": "mates", "stat": "def", "pct": 0.2, "dur": 3}]
huang_xin_s1	丧门剑法	active	0.55		[{"k": "dmg", "tg": "single", "mult": 1.91}, {"k": "status", "tg": "hit", "st": "bleed", "chance": 0.3, "dur": 2}]
huang_xin_s2	镇三山威	passive			[{"k": "pstat", "stat": "atk", "pct": 0.11}]
huang_xin_s3	横扫千军	active	0.35		[{"k": "dmg", "tg": "all", "mult": 0.89}]
huang_xin_s4	官军出身	passive			[{"k": "pfollow", "chance": 0.32, "mult": 0.6}]
shan_tinggui_s1	圣水阵法	active	0.6		[{"k": "dmg", "tg": "single", "mult": 1.96}]
shan_tinggui_s2	冰封千里	active	0.35		[{"k": "dmg", "tg": "all", "mult": 0.76}]
shan_tinggui_s3	水神庇护	cmd			[{"k": "buff", "tg": "mates", "stat": "agi", "pct": 0.21, "dur": 3}]
shan_tinggui_s4	天降甘霖	sure		2	[{"k": "heal", "tg": "mates", "mult": 0.4}]
yan_shun_s1	豹影突袭	active	0.55		[{"k": "dmg", "tg": "single", "mult": 1.89}, {"k": "status", "tg": "hit", "st": "bleed", "chance": 0.3, "dur": 2}]
yan_shun_s2	锦豹扑食	active	0.55		[{"k": "dmg", "tg": "single", "mult": 1.82}, {"k": "status", "tg": "hit", "st": "bleed", "chance": 0.3, "dur": 2}]
yan_shun_s3	快刀斩乱	active	0.55		[{"k": "dmg", "tg": "single", "mult": 2.03}, {"k": "status", "tg": "hit", "st": "bleed", "chance": 0.3, "dur": 2}]
yan_shun_s4	清风山主	cmd			[{"k": "buff", "tg": "mates", "stat": "def", "pct": 0.17, "dur": 3}]
wang_ying_s1	虎爪枪法	active	0.55		[{"k": "dmg", "tg": "single", "mult": 1.51}, {"k": "status", "tg": "hit", "st": "bleed", "chance": 0.3, "dur": 2}]
wang_ying_s2	矮脚冲锋	active	0.45		[{"k": "dmg", "tg": "row", "mult": 0.78}, {"k": "status", "tg": "hit", "st": "bleed", "chance": 0.3, "dur": 2}]
wang_ying_s3	悍勇无畏	passive			[{"k": "pcounter", "chance": 0.19, "mult": 0.8}]
wang_ying_s4	夫妻同心	cmd			[{"k": "buff", "tg": "mates", "stat": "atk", "pct": 0.1, "dur": 3}]
bao_xu_s1	丧门剑气	active	0.55		[{"k": "dmg", "tg": "single", "mult": 1.99}, {"k": "status", "tg": "hit", "st": "bleed", "chance": 0.3, "dur": 2}]
bao_xu_s2	神鬼辟易	active	0.45		[{"k": "dmg", "tg": "row", "mult": 1.12}, {"k": "status", "tg": "hit", "st": "bleed", "chance": 0.3, "dur": 2}]
bao_xu_s3	横扫八方	active	0.35		[{"k": "dmg", "tg": "all", "mult": 0.86}]
bao_xu_s4	枯树山主	cmd			[{"k": "buff", "tg": "mates", "stat": "def", "pct": 0.18, "dur": 3}]
fan_rui_s1	混世魔火	active	0.55		[{"k": "dmg", "tg": "single", "mult": 2.03}, {"k": "status", "tg": "hit", "st": "burn", "chance": 0.3, "dur": 2}]
fan_rui_s2	天魔乱舞	active	0.35		[{"k": "dmg", "tg": "all", "mult": 0.82}]
fan_rui_s3	妖法护体	active	0.45		[{"k": "status", "tg": "smartest", "st": "chaos", "chance": 0.7, "dur": 1}, {"k": "dmg", "tg": "smartest", "mult": 1.21, "src": "int"}]
fan_rui_s4	芒砀山主	sure		2	[{"k": "heal", "tg": "mates", "mult": 0.5}]
ma_lin_s1	铁笛横吹	active	0.5		[{"k": "heal", "tg": "lowest", "mult": 3.1}]
ma_lin_s2	仙音袅袅	active	0.5		[{"k": "heal", "tg": "lowest", "mult": 3.4}]
ma_lin_s3	清心普善	sure		2	[{"k": "shield", "tg": "self", "pct": 0.2}]
ma_lin_s4	黄门山将	cmd			[{"k": "buff", "tg": "mates", "stat": "def", "pct": 0.14, "dur": 3}]
zheng_tianshou_s1	白面刀法	active	0.55		[{"k": "dmg", "tg": "single", "mult": 1.6}, {"k": "status", "tg": "hit", "st": "bleed", "chance": 0.3, "dur": 2}]
zheng_tianshou_s2	玉面银枪	active	0.45		[{"k": "dmg", "tg": "col", "mult": 0.8}, {"k": "status", "tg": "hit", "st": "bleed", "chance": 0.3, "dur": 2}]
zheng_tianshou_s3	清风俊杰	active	0.6		[{"k": "dmg", "tg": "single", "mult": 1.83}]
zheng_tianshou_s4	清风寨将	cmd			[{"k": "buff", "tg": "mates", "stat": "atk", "pct": 0.1, "dur": 3}]
gong_wang_s1	虎啸山林	active	0.6		[{"k": "dmg", "tg": "single", "mult": 1.96}]
gong_wang_s2	花项冲锋	active	0.45		[{"k": "dmg", "tg": "row", "mult": 1.02}, {"k": "status", "tg": "hit", "st": "bleed", "chance": 0.3, "dur": 2}]
gong_wang_s3	中箭无惧	passive			[{"k": "pcounter", "chance": 0.25, "mult": 0.8}]
gong_wang_s4	东昌骁将	cmd			[{"k": "buff", "tg": "mates", "stat": "def", "pct": 0.17, "dur": 3}]
ding_desun_s1	箭无虚发	active	0.55		[{"k": "dmg", "tg": "single", "mult": 1.59}, {"k": "status", "tg": "hit", "st": "vuln", "chance": 0.4, "dur": 2, "val": 0.2}]
ding_desun_s2	虎跃涧壑	active	0.45		[{"k": "dmg", "tg": "row", "mult": 0.96}, {"k": "status", "tg": "hit", "st": "bleed", "chance": 0.3, "dur": 2}]
ding_desun_s3	迅捷如风	passive			[{"k": "pdodge", "chance": 0.15}]
ding_desun_s4	东昌副将	cmd			[{"k": "buff", "tg": "mates", "stat": "agi", "pct": 0.26, "dur": 3}]
xue_yong_s1	大虫棍法	active	0.55		[{"k": "dmg", "tg": "single", "mult": 1.42}, {"k": "status", "tg": "hit", "st": "stun", "chance": 0.25, "dur": 1}]
xue_yong_s2	病虫翻身	active	0.45		[{"k": "dmg", "tg": "row", "mult": 0.8}, {"k": "status", "tg": "hit", "st": "bleed", "chance": 0.3, "dur": 2}]
xue_yong_s3	横扫千军	active	0.35		[{"k": "dmg", "tg": "all", "mult": 0.73}]
xue_yong_s4	江湖卖艺	cmd			[{"k": "buff", "tg": "mates", "stat": "def", "pct": 0.13, "dur": 3}]
shi_en_s1	金眼刀法	active	0.55		[{"k": "dmg", "tg": "single", "mult": 1.51}, {"k": "status", "tg": "hit", "st": "bleed", "chance": 0.3, "dur": 2}]
shi_en_s2	快活林主	active	0.45		[{"k": "dmg", "tg": "col", "mult": 0.81}, {"k": "status", "tg": "hit", "st": "bleed", "chance": 0.3, "dur": 2}]
shi_en_s3	义气豪杰	active	0.6		[{"k": "dmg", "tg": "single", "mult": 1.9}]
shi_en_s4	孟州小管营	cmd			[{"k": "buff", "tg": "mates", "stat": "atk", "pct": 0.1, "dur": 3}]
li_zhong_s1	打虎刀法	active	0.55		[{"k": "dmg", "tg": "single", "mult": 1.61}, {"k": "status", "tg": "hit", "st": "bleed", "chance": 0.3, "dur": 2}]
li_zhong_s2	江湖卖艺	active	0.45		[{"k": "dmg", "tg": "col", "mult": 0.82}, {"k": "status", "tg": "hit", "st": "bleed", "chance": 0.3, "dur": 2}]
li_zhong_s3	义气为先	active	0.6		[{"k": "dmg", "tg": "single", "mult": 1.9}]
li_zhong_s4	桃花山将	cmd			[{"k": "buff", "tg": "mates", "stat": "agi", "pct": 0.18, "dur": 3}]
zhou_tong_xiao_s1	霸王枪法	active	0.6		[{"k": "dmg", "tg": "single", "mult": 1.91}]
zhou_tong_xiao_s2	小霸冲锋	passive			[{"k": "pstat", "stat": "def", "pct": 0.12}]
zhou_tong_xiao_s3	桃花山主	sure		2	[{"k": "shield", "tg": "self", "pct": 0.26}]
zhou_tong_xiao_s4	抢亲被殴	cmd			[{"k": "buff", "tg": "mates", "stat": "atk", "pct": 0.12, "dur": 3}]
tang_long_s1	金钱锤法	active	0.55		[{"k": "dmg", "tg": "single", "mult": 1.32}, {"k": "status", "tg": "hit", "st": "stun", "chance": 0.25, "dur": 1}]
tang_long_s2	打铁巧手	active	0.45		[{"k": "dmg", "tg": "col", "mult": 0.82}, {"k": "status", "tg": "hit", "st": "bleed", "chance": 0.3, "dur": 2}]
tang_long_s3	钩镰枪缘	active	0.55		[{"k": "dmg", "tg": "single", "mult": 1.82}, {"k": "status", "tg": "hit", "st": "bleed", "chance": 0.3, "dur": 2}]
tang_long_s4	徐宁表弟	cmd			[{"k": "buff", "tg": "mates", "stat": "atk", "pct": 0.1, "dur": 3}]
du_xing_s1	鬼脸虚招	active	0.6		[{"k": "dmg", "tg": "single", "mult": 1.67}]
du_xing_s2	李家庄管事	cmd			[{"k": "buff", "tg": "mates", "stat": "agi", "pct": 0.15, "dur": 3}]
du_xing_s3	江湖义气	sure		2	[{"k": "shield", "tg": "self", "pct": 0.2}]
du_xing_s4	鬼面伪装	passive			[{"k": "pdodge", "chance": 0.15}]
zou_yuan_s1	出林刀法	active	0.55		[{"k": "dmg", "tg": "single", "mult": 1.58}, {"k": "status", "tg": "hit", "st": "bleed", "chance": 0.3, "dur": 2}]
zou_yuan_s2	登云山下	active	0.45		[{"k": "dmg", "tg": "row", "mult": 0.83}, {"k": "status", "tg": "hit", "st": "bleed", "chance": 0.3, "dur": 2}]
zou_yuan_s3	义气深重	sure		2	[{"k": "shield", "tg": "self", "pct": 0.22}]
zou_yuan_s4	登州好汉	cmd			[{"k": "buff", "tg": "mates", "stat": "atk", "pct": 0.09, "dur": 3}]
zou_run_s1	独角冲撞	active	0.55		[{"k": "dmg", "tg": "single", "mult": 1.33}, {"k": "status", "tg": "hit", "st": "stun", "chance": 0.25, "dur": 1}]
zou_run_s2	登云山上	active	0.45		[{"k": "dmg", "tg": "row", "mult": 0.78}, {"k": "status", "tg": "hit", "st": "bleed", "chance": 0.3, "dur": 2}]
zou_run_s3	力大无穷	passive			[{"k": "pstat", "stat": "def", "pct": 0.12}]
zou_run_s4	登州好汉	cmd			[{"k": "buff", "tg": "mates", "stat": "def", "pct": 0.13, "dur": 3}]
zhu_fu_s1	笑里藏刀	active	0.55		[{"k": "dmg", "tg": "single", "mult": 1.54}, {"k": "status", "tg": "hit", "st": "bleed", "chance": 0.3, "dur": 2}]
zhu_fu_s2	江湖酒肆	cmd			[{"k": "buff", "tg": "mates", "stat": "def", "pct": 0.1, "dur": 3}]
zhu_fu_s3	智取生辰纲	cmd			[{"k": "buff", "tg": "mates", "stat": "int", "pct": 0.14, "dur": 3}]
zhu_fu_s4	朱贵之弟	cmd			[{"k": "buff", "tg": "mates", "stat": "agi", "pct": 0.19, "dur": 3}]
li_yun_s1	青眼刀法	active	0.55		[{"k": "dmg", "tg": "single", "mult": 1.6}, {"k": "status", "tg": "hit", "st": "bleed", "chance": 0.3, "dur": 2}]
li_yun_s2	沂水都头	active	0.45		[{"k": "dmg", "tg": "col", "mult": 0.79}, {"k": "status", "tg": "hit", "st": "bleed", "chance": 0.3, "dur": 2}]
li_yun_s3	押狱出身	passive			[{"k": "pstat", "stat": "atk", "pct": 0.08}]
li_yun_s4	李逵恩人	sure		2	[{"k": "heal", "tg": "mates", "mult": 0.3}]
jiao_ting_s1	没面目拳	active	0.55		[{"k": "dmg", "tg": "single", "mult": 1.5}, {"k": "status", "tg": "hit", "st": "bleed", "chance": 0.3, "dur": 2}]
jiao_ting_s2	相扑天下	active	0.45		[{"k": "dmg", "tg": "row", "mult": 0.84}, {"k": "status", "tg": "hit", "st": "bleed", "chance": 0.3, "dur": 2}]
jiao_ting_s3	步军骁将	sure		2	[{"k": "shield", "tg": "self", "pct": 0.21}]
jiao_ting_s4	中山大汉	cmd			[{"k": "buff", "tg": "mates", "stat": "agi", "pct": 0.19, "dur": 3}]
shi_yong_s1	石将军拳	active	0.55		[{"k": "dmg", "tg": "single", "mult": 1.54}, {"k": "status", "tg": "hit", "st": "bleed", "chance": 0.3, "dur": 2}]
shi_yong_s2	慷慨仗义	active	0.45		[{"k": "dmg", "tg": "row", "mult": 0.84}, {"k": "status", "tg": "hit", "st": "bleed", "chance": 0.3, "dur": 2}]
shi_yong_s3	步军猛将	passive			[{"k": "pstat", "stat": "atk", "pct": 0.07}]
shi_yong_s4	大名府客	cmd			[{"k": "buff", "tg": "mates", "stat": "atk", "pct": 0.1, "dur": 3}]
zhang_qing_cai_s1	菜园刀法	active	0.55		[{"k": "dmg", "tg": "single", "mult": 1.59}, {"k": "status", "tg": "hit", "st": "bleed", "chance": 0.3, "dur": 2}]
zhang_qing_cai_s2	十字坡主	active	0.45		[{"k": "dmg", "tg": "col", "mult": 0.84}, {"k": "status", "tg": "hit", "st": "bleed", "chance": 0.3, "dur": 2}]
zhang_qing_cai_s3	母夜叉夫	active	0.6		[{"k": "dmg", "tg": "single", "mult": 1.81}]
zhang_qing_cai_s4	光明寺种菜	cmd			[{"k": "buff", "tg": "mates", "stat": "def", "pct": 0.14, "dur": 3}]
sun_erniang_s1	母夜叉刀	active	0.55		[{"k": "dmg", "tg": "single", "mult": 1.54}, {"k": "status", "tg": "hit", "st": "bleed", "chance": 0.3, "dur": 2}]
sun_erniang_s2	十字坡主	active	0.45		[{"k": "dmg", "tg": "col", "mult": 0.86}, {"k": "status", "tg": "hit", "st": "bleed", "chance": 0.3, "dur": 2}]
sun_erniang_s3	蒙汗药计	active	0.45		[{"k": "dmg", "tg": "single", "mult": 1.61}, {"k": "status", "tg": "hit", "st": "disarm", "chance": 0.7, "dur": 1}]
sun_erniang_s4	张青之妻	cmd			[{"k": "buff", "tg": "mates", "stat": "def", "pct": 0.14, "dur": 3}]
wang_dingliu_s1	活闪刀法	active	0.6		[{"k": "dmg", "tg": "single", "mult": 1.66}]
wang_dingliu_s2	江湖跑堂	active	0.6		[{"k": "dmg", "tg": "single", "mult": 1.75}]
wang_dingliu_s3	敏捷如电	passive			[{"k": "pdodge", "chance": 0.11}]
wang_dingliu_s4	扬子江边	cmd			[{"k": "buff", "tg": "mates", "stat": "atk", "pct": 0.1, "dur": 3}]
shi_qian_s1	鼓上蚤飞	active	0.6		[{"k": "dmg", "tg": "single", "mult": 1.93}]
shi_qian_s2	偷天换日	sure		2	[{"k": "steal", "tg": "strongest", "stat": "atk", "pct": 0.16, "dur": 3}]
shi_qian_s3	妙手空空	sure		2	[{"k": "heal", "tg": "mates", "mult": 0.4}]
shi_qian_s4	梁山探子	cmd			[{"k": "buff", "tg": "mates", "stat": "atk", "pct": 0.12, "dur": 3}]
fang_tianding_s1	太子枪法	active	0.65		[{"k": "dmg", "tg": "single", "mult": 1.9}, {"k": "status", "tg": "hit", "st": "bleed", "chance": 0.3, "dur": 2}]
fang_tianding_s2	江南少主	active	0.5		[{"k": "dmg", "tg": "col", "mult": 1.4}]
fang_tianding_s3	护国先锋	active	0.65		[{"k": "dmg", "tg": "single", "mult": 1.8}, {"k": "status", "tg": "hit", "st": "vuln", "chance": 0.35, "dur": 2, "val": 0.2}]
fang_tianding_s4	明教圣子	cmd			[{"k": "buff", "tg": "mates", "stat": "atk", "pct": 0.1, "dur": 3}, {"k": "buff", "tg": "mates", "stat": "int", "pct": 0.08, "dur": 3}]
li_tianrun_s1	钢枪突刺	active	0.6		[{"k": "dmg", "tg": "single", "mult": 2.0}, {"k": "status", "tg": "hit", "st": "stun", "chance": 0.25, "dur": 1}]
li_tianrun_s2	南军先锋	active	0.5		[{"k": "dmg", "tg": "col", "mult": 1.4}]
li_tianrun_s3	镇国元帅	active	0.65		[{"k": "dmg", "tg": "single", "mult": 1.9}, {"k": "dmg", "tg": "weakest", "mult": 0.5}]
li_tianrun_s4	厉家枪法	passive			[{"k": "pstat", "stat": "atk", "pct": 0.1}, {"k": "pcrit", "val": 0.04}]
si_xingfang_s1	司家刀法	active	0.65		[{"k": "dmg", "tg": "single", "mult": 2.0}, {"k": "status", "tg": "hit", "st": "bleed", "chance": 0.3, "dur": 2}]
si_xingfang_s2	南国大将	active	0.5		[{"k": "dmg", "tg": "col", "mult": 1.4}]
si_xingfang_s3	镇国元帅	active	0.65		[{"k": "dmg", "tg": "single", "mult": 1.9}, {"k": "status", "tg": "hit", "st": "vuln", "chance": 0.35, "dur": 2, "val": 0.2}]
si_xingfang_s4	厉天闰副	cmd			[{"k": "buff", "tg": "mates", "stat": "def", "pct": 0.16, "dur": 3}, {"k": "shield", "tg": "mates", "pct": 0.06}]
lv_shi_nang_s1	枢密法术	active	0.6		[{"k": "dmg", "tg": "single", "mult": 2.16}]
lv_shi_nang_s2	明教护法	active	0.35		[{"k": "dmg", "tg": "all", "mult": 0.83}]
lv_shi_nang_s3	妖法迷阵	active	0.45		[{"k": "status", "tg": "smartest", "st": "chaos", "chance": 0.7, "dur": 1}, {"k": "dmg", "tg": "smartest", "mult": 1.26, "src": "int"}]
lv_shi_nang_s4	江南谋臣	cmd			[{"k": "buff", "tg": "mates", "stat": "int", "pct": 0.23, "dur": 3}]
zu_shiyuan_s1	祖家枪法	active	0.55		[{"k": "dmg", "tg": "single", "mult": 2.01}, {"k": "status", "tg": "hit", "st": "bleed", "chance": 0.3, "dur": 2}]
zu_shiyuan_s2	方腊枢密	active	0.45		[{"k": "dmg", "tg": "col", "mult": 1.08}, {"k": "status", "tg": "hit", "st": "bleed", "chance": 0.3, "dur": 2}]
zu_shiyuan_s3	江南谋将	cmd			[{"k": "buff", "tg": "mates", "stat": "int", "pct": 0.2, "dur": 3}]
zu_shiyuan_s4	守城防御	cmd			[{"k": "buff", "tg": "mates", "stat": "agi", "pct": 0.28, "dur": 3}]
wang_yin_s1	尚书枪法	active	0.65		[{"k": "dmg", "tg": "single", "mult": 2.1}, {"k": "status", "tg": "hit", "st": "vuln", "chance": 0.4, "dur": 2, "val": 0.2}]
wang_yin_s2	方腊尚书	active	0.65		[{"k": "dmg", "tg": "col", "mult": 1.4}]
wang_yin_s3	文臣武略	active	0.65		[{"k": "dmg", "tg": "single", "mult": 1.9, "src": "int"}, {"k": "status", "tg": "hit", "st": "silence", "chance": 0.6, "dur": 2}]
wang_yin_s4	帮源守将	passive			[{"k": "pdodge", "chance": 0.15}, {"k": "pstat", "stat": "agi", "pct": 0.08}]
lou_minzhong_s1	太尉谋略	active	0.5		[{"k": "buff", "tg": "mates", "stat": "atk", "pct": 0.23, "dur": 2}]
lou_minzhong_s2	方腊太尉	cmd			[{"k": "buff", "tg": "mates", "stat": "atk", "pct": 0.1, "dur": 3}]
lou_minzhong_s3	江南文臣	sure		2	[{"k": "shield", "tg": "self", "pct": 0.3}]
lou_minzhong_s4	辅国重臣	cmd			[{"k": "buff", "tg": "mates", "stat": "def", "pct": 0.19, "dur": 3}]
gao_yu_s1	高家斧法	active	0.55		[{"k": "dmg", "tg": "single", "mult": 1.97}, {"k": "status", "tg": "hit", "st": "bleed", "chance": 0.3, "dur": 2}]
gao_yu_s2	御林统领	cmd			[{"k": "buff", "tg": "mates", "stat": "atk", "pct": 0.11, "dur": 3}]
gao_yu_s3	方腊亲军	sure		2	[{"k": "shield", "tg": "self", "pct": 0.32}]
gao_yu_s4	殿前护驾	cmd			[{"k": "buff", "tg": "mates", "stat": "atk", "pct": 0.15, "dur": 3}]
bo_shuying_s1	女将刀法	active	0.55		[{"k": "dmg", "tg": "single", "mult": 1.89}, {"k": "status", "tg": "hit", "st": "bleed", "chance": 0.3, "dur": 2}]
bo_shuying_s2	方腊女将	active	0.45		[{"k": "dmg", "tg": "col", "mult": 1.13}, {"k": "status", "tg": "hit", "st": "bleed", "chance": 0.3, "dur": 2}]
bo_shuying_s3	江南巾帼	active	0.6		[{"k": "dmg", "tg": "single", "mult": 2.21}]
bo_shuying_s4	厉天闰妻	cmd			[{"k": "buff", "tg": "mates", "stat": "agi", "pct": 0.26, "dur": 3}]
fang_tianshou_s1	皇叔智谋	active	0.5		[{"k": "buff", "tg": "mates", "stat": "agi", "pct": 0.41, "dur": 2}]
fang_tianshou_s2	方腊族叔	cmd			[{"k": "buff", "tg": "mates", "stat": "atk", "pct": 0.08, "dur": 3}]
fang_tianshou_s3	江南宗室	sure		2	[{"k": "shield", "tg": "self", "pct": 0.27}]
fang_tianshou_s4	内政安抚	cmd			[{"k": "buff", "tg": "mates", "stat": "def", "pct": 0.18, "dur": 3}]
zheng_biao_s1	郑魔君法	active	0.65		[{"k": "dmg", "tg": "single", "mult": 1.9, "src": "int"}, {"k": "status", "tg": "hit", "st": "burn", "chance": 0.35, "dur": 2}]
zheng_biao_s2	妖火焚天	active	0.5		[{"k": "dmg", "tg": "all", "mult": 0.6, "src": "int"}, {"k": "status", "tg": "hit", "st": "burn", "chance": 0.3, "dur": 2}]
zheng_biao_s3	方腊国师	cmd			[{"k": "buff", "tg": "mates", "stat": "int", "pct": 0.15, "dur": 3}, {"k": "buff", "tg": "mates", "stat": "atk", "pct": 0.05, "dur": 3}]
zheng_biao_s4	魔君乱政	active	0.4		[{"k": "status", "tg": "rand3", "st": "chaos", "chance": 0.5, "dur": 1}, {"k": "dmg", "tg": "rand3", "mult": 0.5, "src": "int"}]
qian_zhenpeng_s1	钱家刀法	active	0.55		[{"k": "dmg", "tg": "single", "mult": 1.88}, {"k": "status", "tg": "hit", "st": "bleed", "chance": 0.3, "dur": 2}]
qian_zhenpeng_s2	方腊骁将	active	0.45		[{"k": "dmg", "tg": "row", "mult": 1.09}, {"k": "status", "tg": "hit", "st": "bleed", "chance": 0.3, "dur": 2}]
qian_zhenpeng_s3	水军先锋	sure		2	[{"k": "shield", "tg": "self", "pct": 0.29}]
qian_zhenpeng_s4	太湖水寨	cmd			[{"k": "buff", "tg": "mates", "stat": "atk", "pct": 0.15, "dur": 3}]
wu_su_s1	伍家枪法	active	0.55		[{"k": "dmg", "tg": "single", "mult": 1.74}, {"k": "status", "tg": "hit", "st": "bleed", "chance": 0.3, "dur": 2}]
wu_su_s2	方腊副将	active	0.45		[{"k": "dmg", "tg": "col", "mult": 0.99}, {"k": "status", "tg": "hit", "st": "bleed", "chance": 0.3, "dur": 2}]
wu_su_s3	独松关守	active	0.6		[{"k": "dmg", "tg": "single", "mult": 2.12}]
wu_su_s4	厉天闰副	cmd			[{"k": "buff", "tg": "mates", "stat": "atk", "pct": 0.13, "dur": 3}]
he_xun_s1	何家刀法	active	0.55		[{"k": "dmg", "tg": "single", "mult": 1.89}, {"k": "status", "tg": "hit", "st": "bleed", "chance": 0.3, "dur": 2}]
he_xun_s2	方腊偏将	active	0.45		[{"k": "dmg", "tg": "col", "mult": 0.93}, {"k": "status", "tg": "hit", "st": "bleed", "chance": 0.3, "dur": 2}]
he_xun_s3	江南步军	active	0.6		[{"k": "dmg", "tg": "single", "mult": 2.17}]
he_xun_s4	守城先锋	cmd			[{"k": "buff", "tg": "mates", "stat": "def", "pct": 0.17, "dur": 3}]
fang_mao_s1	三大王枪	active	0.6		[{"k": "dmg", "tg": "single", "mult": 2.16}]
fang_mao_s2	方腊之弟	active	0.45		[{"k": "dmg", "tg": "col", "mult": 1.12}, {"k": "status", "tg": "hit", "st": "bleed", "chance": 0.3, "dur": 2}]
fang_mao_s3	镇守苏州	active	0.6		[{"k": "dmg", "tg": "single", "mult": 2.3}]
fang_mao_s4	皇族亲征	cmd			[{"k": "buff", "tg": "mates", "stat": "agi", "pct": 0.3, "dur": 3}]
fang_jie_s1	小将军枪	active	0.65		[{"k": "dmg", "tg": "single", "mult": 2.1}, {"k": "status", "tg": "hit", "st": "bleed", "chance": 0.35, "dur": 2}]
fang_jie_s2	方腊侄	active	0.6		[{"k": "dmg", "tg": "col", "mult": 1.45}]
fang_jie_s3	少年英雄	active	0.65		[{"k": "dmg", "tg": "single", "mult": 2.2}, {"k": "buff", "tg": "self", "stat": "atk", "pct": 0.15, "dur": 3}]
fang_jie_s4	殿后死战	passive			[{"k": "plow", "at": 0.5, "stat": "atk", "pct": 0.3}, {"k": "plow", "at": 0.5, "stat": "def", "pct": 0.2}]
zhuo_wanli_s1	万里锤法	active	0.55		[{"k": "dmg", "tg": "single", "mult": 1.6}, {"k": "status", "tg": "hit", "st": "stun", "chance": 0.25, "dur": 1}]
zhuo_wanli_s2	方腊大将	active	0.45		[{"k": "dmg", "tg": "row", "mult": 0.97}, {"k": "status", "tg": "hit", "st": "bleed", "chance": 0.3, "dur": 2}]
zhuo_wanli_s3	步军先锋	sure		2	[{"k": "shield", "tg": "self", "pct": 0.27}]
zhuo_wanli_s4	冲锋陷阵	active	0.55		[{"k": "dmg", "tg": "single", "mult": 2.2}, {"k": "status", "tg": "hit", "st": "bleed", "chance": 0.3, "dur": 2}]
he_tong_s1	和家斧法	active	0.55		[{"k": "dmg", "tg": "single", "mult": 1.85}, {"k": "status", "tg": "hit", "st": "bleed", "chance": 0.3, "dur": 2}]
he_tong_s2	方腊大将	active	0.45		[{"k": "dmg", "tg": "row", "mult": 1.0}, {"k": "status", "tg": "hit", "st": "bleed", "chance": 0.3, "dur": 2}]
he_tong_s3	水军都统	cmd			[{"k": "buff", "tg": "mates", "stat": "atk", "pct": 0.1, "dur": 3}]
he_tong_s4	江上水战	cmd			[{"k": "buff", "tg": "mates", "stat": "agi", "pct": 0.25, "dur": 3}]
shen_gang_s1	沈家刀法	active	0.55		[{"k": "dmg", "tg": "single", "mult": 1.77}, {"k": "status", "tg": "hit", "st": "bleed", "chance": 0.3, "dur": 2}]
shen_gang_s2	方腊偏将	active	0.45		[{"k": "dmg", "tg": "col", "mult": 0.99}, {"k": "status", "tg": "hit", "st": "bleed", "chance": 0.3, "dur": 2}]
shen_gang_s3	守城步军	active	0.6		[{"k": "dmg", "tg": "single", "mult": 2.03}]
shen_gang_s4	帮源洞守	cmd			[{"k": "buff", "tg": "mates", "stat": "agi", "pct": 0.23, "dur": 3}]
tian_ding_s1	太子枪法	active	0.65		[{"k": "dmg", "tg": "single", "mult": 1.9}, {"k": "status", "tg": "hit", "st": "bleed", "chance": 0.3, "dur": 2}]
tian_ding_s2	晋王太子	active	0.5		[{"k": "dmg", "tg": "col", "mult": 1.4}]
tian_ding_s3	河北少主	active	0.65		[{"k": "dmg", "tg": "single", "mult": 2.0}, {"k": "status", "tg": "hit", "st": "stun", "chance": 0.35, "dur": 1}]
tian_ding_s4	守城护驾	cmd			[{"k": "buff", "tg": "frontm", "stat": "def", "pct": 0.15, "dur": 3}, {"k": "shield", "tg": "frontm", "pct": 0.08}]
qiong_ying_s1	琼英飞石	active	0.6		[{"k": "dmg", "tg": "weakest", "mult": 1.9}, {"k": "status", "tg": "hit", "st": "stun", "chance": 0.3, "dur": 1}]
qiong_ying_s2	双刀连珠	active	0.65		[{"k": "dmg", "tg": "single", "mult": 1.7}, {"k": "dmg", "tg": "single", "mult": 0.7}]
qiong_ying_s3	田虎郡主	active	0.65		[{"k": "dmg", "tg": "rand2", "mult": 1.1}]
qiong_ying_s4	子母石法	passive			[{"k": "pcrit", "val": 0.08}, {"k": "pfollow", "chance": 0.25, "mult": 0.6}]
bian_xiang_s1	卞家刀法	active	0.65		[{"k": "dmg", "tg": "single", "mult": 2.2}, {"k": "status", "tg": "hit", "st": "stun", "chance": 0.25, "dur": 1}]
bian_xiang_s2	田虎丞相	active	0.65		[{"k": "dmg", "tg": "col", "mult": 1.4}]
bian_xiang_s3	河北名将	active	0.65		[{"k": "dmg", "tg": "single", "mult": 2.0}, {"k": "dmg", "tg": "weakest", "mult": 0.6}]
bian_xiang_s4	文武双全	cmd			[{"k": "buff", "tg": "mates", "stat": "atk", "pct": 0.1, "dur": 3}, {"k": "buff", "tg": "mates", "stat": "int", "pct": 0.1, "dur": 3}]
shan_shiqi_s1	山家枪法	active	0.65		[{"k": "dmg", "tg": "single", "mult": 1.9}, {"k": "status", "tg": "hit", "st": "bleed", "chance": 0.3, "dur": 2}]
shan_shiqi_s2	田虎枢密	active	0.5		[{"k": "dmg", "tg": "col", "mult": 1.4}]
shan_shiqi_s3	盖州大将	active	0.65		[{"k": "dmg", "tg": "single", "mult": 1.8}, {"k": "status", "tg": "hit", "st": "vuln", "chance": 0.35, "dur": 2, "val": 0.2}]
shan_shiqi_s4	守城先锋	cmd			[{"k": "buff", "tg": "frontm", "stat": "def", "pct": 0.18, "dur": 3}, {"k": "shield", "tg": "frontm", "pct": 0.08}]
sun_an_s1	孙家刀法	active	0.65		[{"k": "dmg", "tg": "single", "mult": 2.1}, {"k": "status", "tg": "hit", "st": "bleed", "chance": 0.35, "dur": 2}]
sun_an_s2	田虎殿帅	active	0.6		[{"k": "dmg", "tg": "col", "mult": 1.45}]
sun_an_s3	山西名将	active	0.65		[{"k": "dmg", "tg": "single", "mult": 2.2}, {"k": "status", "tg": "hit", "st": "vuln", "chance": 0.5, "dur": 2, "val": 0.25}]
sun_an_s4	力大无穷	passive			[{"k": "pstat", "stat": "atk", "pct": 0.14}]
tang_bin_s1	唐家斧法	active	0.55		[{"k": "dmg", "tg": "single", "mult": 2.04}, {"k": "status", "tg": "hit", "st": "bleed", "chance": 0.3, "dur": 2}]
tang_bin_s2	田虎先锋	active	0.45		[{"k": "dmg", "tg": "row", "mult": 1.01}, {"k": "status", "tg": "hit", "st": "bleed", "chance": 0.3, "dur": 2}]
tang_bin_s3	夺门斩关	active	0.45		[{"k": "dmg", "tg": "single", "mult": 2.3}, {"k": "status", "tg": "hit", "st": "disarm", "chance": 0.7, "dur": 1}]
tang_bin_s4	冲锋陷阵	active	0.55		[{"k": "dmg", "tg": "single", "mult": 2.63}, {"k": "status", "tg": "hit", "st": "bleed", "chance": 0.3, "dur": 2}]
geng_gong_s1	耿家枪法	active	0.55		[{"k": "dmg", "tg": "single", "mult": 1.73}, {"k": "status", "tg": "hit", "st": "bleed", "chance": 0.3, "dur": 2}]
geng_gong_s2	田虎偏将	active	0.45		[{"k": "dmg", "tg": "col", "mult": 0.97}, {"k": "status", "tg": "hit", "st": "bleed", "chance": 0.3, "dur": 2}]
geng_gong_s3	壶关守将	active	0.6		[{"k": "dmg", "tg": "single", "mult": 2.17}]
geng_gong_s4	骁勇善战	passive			[{"k": "pstat", "stat": "def", "pct": 0.18}]
ni_lin_s1	倪家刀法	active	0.55		[{"k": "dmg", "tg": "single", "mult": 1.87}, {"k": "status", "tg": "hit", "st": "bleed", "chance": 0.3, "dur": 2}]
ni_lin_s2	田虎偏将	active	0.45		[{"k": "dmg", "tg": "row", "mult": 0.93}, {"k": "status", "tg": "hit", "st": "bleed", "chance": 0.3, "dur": 2}]
ni_lin_s3	昭德守将	sure		2	[{"k": "shield", "tg": "self", "pct": 0.26}]
ni_lin_s4	步军骁将	cmd			[{"k": "buff", "tg": "mates", "stat": "agi", "pct": 0.26, "dur": 3}]
yu_yulin_s1	于家枪法	active	0.55		[{"k": "dmg", "tg": "single", "mult": 1.9}, {"k": "status", "tg": "hit", "st": "bleed", "chance": 0.3, "dur": 2}]
yu_yulin_s2	田虎偏将	active	0.45		[{"k": "dmg", "tg": "col", "mult": 1.09}, {"k": "status", "tg": "hit", "st": "bleed", "chance": 0.3, "dur": 2}]
yu_yulin_s3	河北步军	active	0.6		[{"k": "dmg", "tg": "single", "mult": 2.32}]
yu_yulin_s4	守城作战	cmd			[{"k": "buff", "tg": "mates", "stat": "atk", "pct": 0.14, "dur": 3}]
fang_qiong_s1	方家斧法	active	0.65		[{"k": "dmg", "tg": "single", "mult": 1.9}, {"k": "status", "tg": "hit", "st": "bleed", "chance": 0.3, "dur": 2}]
fang_qiong_s2	田虎先锋	active	0.55		[{"k": "dmg", "tg": "row", "mult": 1.3}]
fang_qiong_s3	太原守将	sure		2	[{"k": "shield", "tg": "self", "pct": 0.3}, {"k": "status", "tg": "self", "st": "taunt", "chance": 1.0, "dur": 1}]
fang_qiong_s4	冲锋陷阵	cmd			[{"k": "buff", "tg": "mates", "stat": "atk", "pct": 0.1, "dur": 3}]
an_shirong_s1	安家谋略	active	0.5		[{"k": "buff", "tg": "mates", "stat": "atk", "pct": 0.24, "dur": 2}]
an_shirong_s2	田虎枢密	cmd			[{"k": "buff", "tg": "mates", "stat": "atk", "pct": 0.11, "dur": 3}]
an_shirong_s3	河北谋臣	cmd			[{"k": "buff", "tg": "mates", "stat": "int", "pct": 0.2, "dur": 3}]
an_shirong_s4	守城防御	cmd			[{"k": "buff", "tg": "mates", "stat": "atk", "pct": 0.14, "dur": 3}]
chu_heng_s1	褚家刀法	active	0.55		[{"k": "dmg", "tg": "single", "mult": 1.97}, {"k": "status", "tg": "hit", "st": "bleed", "chance": 0.3, "dur": 2}]
chu_heng_s2	田虎偏将	active	0.45		[{"k": "dmg", "tg": "col", "mult": 1.06}, {"k": "status", "tg": "hit", "st": "bleed", "chance": 0.3, "dur": 2}]
chu_heng_s3	汾阳守将	active	0.6		[{"k": "dmg", "tg": "single", "mult": 2.17}]
chu_heng_s4	骁勇善战	passive			[{"k": "pstat", "stat": "atk", "pct": 0.14}]
yu_yujue_s1	玉珏刀法	active	0.55		[{"k": "dmg", "tg": "single", "mult": 1.88}, {"k": "status", "tg": "hit", "st": "bleed", "chance": 0.3, "dur": 2}]
yu_yujue_s2	田虎女将	active	0.45		[{"k": "dmg", "tg": "col", "mult": 1.11}, {"k": "status", "tg": "hit", "st": "bleed", "chance": 0.3, "dur": 2}]
yu_yujue_s3	河北巾帼	active	0.6		[{"k": "dmg", "tg": "single", "mult": 2.31}]
yu_yujue_s4	琼英副将	cmd			[{"k": "buff", "tg": "mates", "stat": "atk", "pct": 0.13, "dur": 3}]
sheng_ben_s1	盛家枪法	active	0.55		[{"k": "dmg", "tg": "single", "mult": 1.73}, {"k": "status", "tg": "hit", "st": "bleed", "chance": 0.3, "dur": 2}]
sheng_ben_s2	田虎偏将	active	0.45		[{"k": "dmg", "tg": "col", "mult": 0.97}, {"k": "status", "tg": "hit", "st": "bleed", "chance": 0.3, "dur": 2}]
sheng_ben_s3	河北步军	active	0.6		[{"k": "dmg", "tg": "single", "mult": 2.18}]
sheng_ben_s4	守城先锋	cmd			[{"k": "buff", "tg": "mates", "stat": "def", "pct": 0.18, "dur": 3}]
yuan_lang_s1	袁家斧法	active	0.55		[{"k": "dmg", "tg": "single", "mult": 2.0}, {"k": "status", "tg": "hit", "st": "stun", "chance": 0.3, "dur": 1}]
yuan_lang_s2	王庆元帅	active	0.5		[{"k": "dmg", "tg": "col", "mult": 1.4}]
yuan_lang_s3	淮西大将	active	0.65		[{"k": "dmg", "tg": "single", "mult": 1.9}, {"k": "dmg", "tg": "weakest", "mult": 0.5}]
yuan_lang_s4	力敌万人	passive			[{"k": "pstat", "stat": "atk", "pct": 0.12}]
ma_jin_s1	马家枪法	active	0.55		[{"k": "dmg", "tg": "single", "mult": 1.93}, {"k": "status", "tg": "hit", "st": "bleed", "chance": 0.3, "dur": 2}]
ma_jin_s2	王庆副将	active	0.45		[{"k": "dmg", "tg": "row", "mult": 1.07}, {"k": "status", "tg": "hit", "st": "bleed", "chance": 0.3, "dur": 2}]
ma_jin_s3	淮西步军	sure		2	[{"k": "shield", "tg": "self", "pct": 0.32}]
ma_jin_s4	冲锋陷阵	active	0.55		[{"k": "dmg", "tg": "single", "mult": 2.41}, {"k": "status", "tg": "hit", "st": "bleed", "chance": 0.3, "dur": 2}]
teng_kan_s1	滕家刀法	active	0.55		[{"k": "dmg", "tg": "single", "mult": 2.0}, {"k": "status", "tg": "hit", "st": "bleed", "chance": 0.3, "dur": 2}]
teng_kan_s2	王庆偏将	active	0.45		[{"k": "dmg", "tg": "col", "mult": 1.08}, {"k": "status", "tg": "hit", "st": "bleed", "chance": 0.3, "dur": 2}]
teng_kan_s3	淮西骁将	active	0.6		[{"k": "dmg", "tg": "single", "mult": 2.23}]
teng_kan_s4	守城作战	cmd			[{"k": "buff", "tg": "mates", "stat": "def", "pct": 0.2, "dur": 3}]
mi_sheng_s1	縻家斧法	active	0.65		[{"k": "dmg", "tg": "single", "mult": 2.0}, {"k": "status", "tg": "hit", "st": "bleed", "chance": 0.35, "dur": 2}]
mi_sheng_s2	王庆偏将	active	0.55		[{"k": "dmg", "tg": "row", "mult": 1.3}]
mi_sheng_s3	淮西步军	passive			[{"k": "pcut", "pct": 0.1}, {"k": "pshield", "pct": 0.1}]
mi_sheng_s4	冲锋陷阵	cmd			[{"k": "buff", "tg": "mates", "stat": "atk", "pct": 0.1, "dur": 3}]
du_zhao_s1	杜家枪法	active	0.55		[{"k": "dmg", "tg": "single", "mult": 1.58}, {"k": "status", "tg": "hit", "st": "bleed", "chance": 0.3, "dur": 2}]
du_zhao_s2	王庆副将	active	0.45		[{"k": "dmg", "tg": "col", "mult": 0.78}, {"k": "status", "tg": "hit", "st": "bleed", "chance": 0.3, "dur": 2}]
du_zhao_s3	淮西守将	active	0.6		[{"k": "dmg", "tg": "single", "mult": 1.82}]
du_zhao_s4	守城先锋	cmd			[{"k": "buff", "tg": "mates", "stat": "def", "pct": 0.15, "dur": 3}]
liu_min_s1	刘敏谋略	active	0.5		[{"k": "buff", "tg": "mates", "stat": "def", "pct": 0.34, "dur": 2}]
liu_min_s2	王庆军师	cmd			[{"k": "buff", "tg": "mates", "stat": "def", "pct": 0.14, "dur": 3}]
liu_min_s3	淮西谋臣	cmd			[{"k": "buff", "tg": "mates", "stat": "int", "pct": 0.18, "dur": 3}]
liu_min_s4	辅国重臣	cmd			[{"k": "buff", "tg": "mates", "stat": "atk", "pct": 0.13, "dur": 3}]
pan_xu_s1	潘家刀法	active	0.55		[{"k": "dmg", "tg": "single", "mult": 1.5}, {"k": "status", "tg": "hit", "st": "bleed", "chance": 0.3, "dur": 2}]
pan_xu_s2	王庆偏将	active	0.45		[{"k": "dmg", "tg": "col", "mult": 0.85}, {"k": "status", "tg": "hit", "st": "bleed", "chance": 0.3, "dur": 2}]
pan_xu_s3	淮西步军	active	0.6		[{"k": "dmg", "tg": "single", "mult": 1.95}]
pan_xu_s4	守城作战	cmd			[{"k": "buff", "tg": "mates", "stat": "agi", "pct": 0.21, "dur": 3}]
yeli_dezhong_s1	耶律刀法	active	0.6		[{"k": "dmg", "tg": "single", "mult": 2.0}, {"k": "status", "tg": "hit", "st": "vuln", "chance": 0.4, "dur": 2, "val": 0.2}]
yeli_dezhong_s2	辽国大元帅	active	0.5		[{"k": "dmg", "tg": "col", "mult": 1.4}]
yeli_dezhong_s3	统军十万	active	0.45		[{"k": "dmg", "tg": "row", "mult": 1.25}, {"k": "status", "tg": "hit", "st": "stun", "chance": 0.2, "dur": 1}]
yeli_dezhong_s4	北国柱石	cmd			[{"k": "buff", "tg": "mates", "stat": "atk", "pct": 0.12, "dur": 3}, {"k": "buff", "tg": "mates", "stat": "def", "pct": 0.08, "dur": 3}]
yeli_zongyun_s1	宗云枪法	active	0.55		[{"k": "dmg", "tg": "single", "mult": 1.85}, {"k": "status", "tg": "hit", "st": "bleed", "chance": 0.3, "dur": 2}]
yeli_zongyun_s2	耶律宗将	active	0.45		[{"k": "dmg", "tg": "col", "mult": 0.94}, {"k": "status", "tg": "hit", "st": "bleed", "chance": 0.3, "dur": 2}]
yeli_zongyun_s3	辽国上将	active	0.6		[{"k": "dmg", "tg": "single", "mult": 2.2}]
yeli_zongyun_s4	冲锋陷阵	active	0.55		[{"k": "dmg", "tg": "single", "mult": 2.32}, {"k": "status", "tg": "hit", "st": "bleed", "chance": 0.3, "dur": 2}]
yeli_zongdian_s1	宗电刀法	active	0.55		[{"k": "dmg", "tg": "single", "mult": 2.03}, {"k": "status", "tg": "hit", "st": "bleed", "chance": 0.3, "dur": 2}]
yeli_zongdian_s2	耶律宗将	active	0.45		[{"k": "dmg", "tg": "col", "mult": 1.1}, {"k": "status", "tg": "hit", "st": "bleed", "chance": 0.3, "dur": 2}]
yeli_zongdian_s3	辽国上将	active	0.6		[{"k": "dmg", "tg": "single", "mult": 2.33}]
yeli_zongdian_s4	骁勇善战	passive			[{"k": "pstat", "stat": "atk", "pct": 0.15}]
ye_lvzonglei_s1	宗雷斧法	active	0.55		[{"k": "dmg", "tg": "single", "mult": 2.0}, {"k": "status", "tg": "hit", "st": "stun", "chance": 0.3, "dur": 1}]
ye_lvzonglei_s2	耶律宗将	active	0.55		[{"k": "dmg", "tg": "row", "mult": 1.3}]
ye_lvzonglei_s3	辽国上将	passive			[{"k": "pshield", "pct": 0.15}, {"k": "pcut", "pct": 0.06}]
ye_lvzonglei_s4	力大无穷	passive			[{"k": "pstat", "stat": "atk", "pct": 0.12}]
ye_lvzonglin_s1	宗霖枪法	active	0.55		[{"k": "dmg", "tg": "single", "mult": 1.98}, {"k": "status", "tg": "hit", "st": "bleed", "chance": 0.3, "dur": 2}]
ye_lvzonglin_s2	耶律宗将	active	0.45		[{"k": "dmg", "tg": "col", "mult": 1.07}, {"k": "status", "tg": "hit", "st": "bleed", "chance": 0.3, "dur": 2}]
ye_lvzonglin_s3	辽国上将	active	0.6		[{"k": "dmg", "tg": "single", "mult": 2.22}]
ye_lvzonglin_s4	守城护驾	cmd			[{"k": "buff", "tg": "mates", "stat": "agi", "pct": 0.28, "dur": 3}]
a_liqi_s1	阿里枪法	active	0.65		[{"k": "dmg", "tg": "single", "mult": 2.1}, {"k": "status", "tg": "hit", "st": "bleed", "chance": 0.3, "dur": 2}]
a_liqi_s2	辽国先锋	active	0.5		[{"k": "dmg", "tg": "row", "mult": 1.35}, {"k": "status", "tg": "hit", "st": "stun", "chance": 0.2, "dur": 1}]
a_liqi_s3	北国骁将	passive			[{"k": "pshield", "pct": 0.2}, {"k": "pcut", "pct": 0.06}]
a_liqi_s4	冲锋陷阵	cmd			[{"k": "buff", "tg": "mates", "stat": "atk", "pct": 0.12, "dur": 3}, {"k": "buff", "tg": "mates", "stat": "agi", "pct": 0.08, "dur": 3}]
chu_mingyu_s1	楚家刀法	active	0.55		[{"k": "dmg", "tg": "single", "mult": 1.99}, {"k": "status", "tg": "hit", "st": "bleed", "chance": 0.3, "dur": 2}]
chu_mingyu_s2	辽国大将	active	0.45		[{"k": "dmg", "tg": "col", "mult": 1.12}, {"k": "status", "tg": "hit", "st": "bleed", "chance": 0.3, "dur": 2}]
chu_mingyu_s3	御林军统	active	0.6		[{"k": "dmg", "tg": "single", "mult": 2.24}]
chu_mingyu_s4	守京护驾	cmd			[{"k": "buff", "tg": "mates", "stat": "def", "pct": 0.21, "dur": 3}]
dong_xianwenrong_s1	洞仙法术	active	0.6		[{"k": "dmg", "tg": "single", "mult": 2.16}]
dong_xianwenrong_s2	辽国法师	active	0.35		[{"k": "dmg", "tg": "all", "mult": 0.82}]
dong_xianwenrong_s3	妖法护国	active	0.45		[{"k": "status", "tg": "smartest", "st": "chaos", "chance": 0.7, "dur": 1}, {"k": "dmg", "tg": "smartest", "mult": 1.23, "src": "int"}]
dong_xianwenrong_s4	呼风唤雨	sure		2	[{"k": "heal", "tg": "mates", "mult": 0.5}]
he_tongjun_s1	贺家斧法	active	0.55		[{"k": "dmg", "tg": "single", "mult": 1.96}, {"k": "status", "tg": "hit", "st": "bleed", "chance": 0.3, "dur": 2}]
he_tongjun_s2	辽国统军	cmd			[{"k": "buff", "tg": "mates", "stat": "atk", "pct": 0.1, "dur": 3}]
he_tongjun_s3	守关大将	active	0.6		[{"k": "dmg", "tg": "single", "mult": 2.27}]
he_tongjun_s4	力敌万人	passive			[{"k": "pstat", "stat": "atk", "pct": 0.13}]
wu_yanguang_s1	兀颜刀法	active	0.6		[{"k": "dmg", "tg": "single", "mult": 2.2}, {"k": "status", "tg": "hit", "st": "vuln", "chance": 0.5, "dur": 2, "val": 0.25}]
wu_yanguang_s2	辽国都统	active	0.55		[{"k": "dmg", "tg": "col", "mult": 1.5}]
wu_yanguang_s3	北国第一将	active	0.65		[{"k": "dmg", "tg": "single", "mult": 2.0}, {"k": "dmg", "tg": "single", "mult": 0.8}]
wu_yanguang_s4	全军统帅	cmd			[{"k": "buff", "tg": "mates", "stat": "atk", "pct": 0.15, "dur": 3}, {"k": "buff", "tg": "mates", "stat": "def", "pct": 0.1, "dur": 3}]
fang_fei_s1	文韬武略	active	0.5		[{"k": "buff", "tg": "mates", "stat": "atk", "pct": 0.22, "dur": 2}]
fang_fei_s2	辅国安邦	cmd			[{"k": "buff", "tg": "mates", "stat": "atk", "pct": 0.1, "dur": 3}]
fang_fei_s3	治国良策	cmd			[{"k": "buff", "tg": "mates", "stat": "int", "pct": 0.18, "dur": 3}]
fang_fei_s4	尚书令	cmd			[{"k": "buff", "tg": "mates", "stat": "agi", "pct": 0.27, "dur": 3}]
fang_hou_s1	歙州守卫	active	0.6		[{"k": "dmg", "tg": "single", "mult": 2.01}]
fang_hou_s2	皇叔之威	passive			[{"k": "pstat", "stat": "def", "pct": 0.14}]
fang_hou_s3	坚守	passive			[{"k": "pcounter", "chance": 0.25, "mult": 0.8}]
fang_hou_s4	宗室血脉	passive			[{"k": "pfollow", "chance": 0.35, "mult": 0.6}]
zhao_yi_s1	严州猛将	active	0.6		[{"k": "dmg", "tg": "single", "mult": 1.91}]
zhao_yi_s2	力劈华山	active	0.45		[{"k": "dmg", "tg": "row", "mult": 1.0}, {"k": "status", "tg": "hit", "st": "bleed", "chance": 0.3, "dur": 2}]
zhao_yi_s3	南军悍勇	passive			[{"k": "pcounter", "chance": 0.23, "mult": 0.8}]
zhao_yi_s4	刚勇	passive			[{"k": "pstat", "stat": "hp", "pct": 0.21}]
tian_biao_s1	汾阳守将	active	0.6		[{"k": "dmg", "tg": "single", "mult": 2.07}]
tian_biao_s2	田家枪法	active	0.45		[{"k": "dmg", "tg": "col", "mult": 1.02}, {"k": "status", "tg": "hit", "st": "bleed", "chance": 0.3, "dur": 2}]
tian_biao_s3	兄弟同心	cmd			[{"k": "buff", "tg": "mates", "stat": "atk", "pct": 0.11, "dur": 3}]
tian_biao_s4	护体	sure		2	[{"k": "shield", "tg": "self", "pct": 0.36}]
tian_bao_s1	豹头环眼	active	0.6		[{"k": "dmg", "tg": "single", "mult": 2.08}]
tian_bao_s2	横冲直撞	active	0.45		[{"k": "dmg", "tg": "row", "mult": 0.87}, {"k": "status", "tg": "hit", "st": "stun", "chance": 0.25, "dur": 1}]
tian_bao_s3	河北骁将	cmd			[{"k": "buff", "tg": "mates", "stat": "atk", "pct": 0.11, "dur": 3}]
tian_bao_s4	悍勇	passive			[{"k": "pcounter", "chance": 0.34, "mult": 0.8}]
niu_wenzhong_s1	昭德武将	active	0.6		[{"k": "dmg", "tg": "single", "mult": 2.0}]
niu_wenzhong_s2	枪法精湛	active	0.45		[{"k": "dmg", "tg": "col", "mult": 1.08}, {"k": "status", "tg": "hit", "st": "bleed", "chance": 0.3, "dur": 2}]
niu_wenzhong_s3	晋军士气	cmd			[{"k": "buff", "tg": "mates", "stat": "def", "pct": 0.15, "dur": 3}]
niu_wenzhong_s4	坚守	passive			[{"k": "pcounter", "chance": 0.33, "mult": 0.8}]
li_xiong_s1	荆南猛将	active	0.6		[{"k": "dmg", "tg": "single", "mult": 1.88}]
li_xiong_s2	开山斧	active	0.45		[{"k": "dmg", "tg": "row", "mult": 0.99}, {"k": "status", "tg": "hit", "st": "bleed", "chance": 0.3, "dur": 2}]
li_xiong_s3	淮西悍勇	passive			[{"k": "pcounter", "chance": 0.22, "mult": 0.8}]
li_xiong_s4	刚健	passive			[{"k": "pstat", "stat": "hp", "pct": 0.21}]
ye_lvdehua_s1	耶律神射	active	0.55		[{"k": "dmg", "tg": "single", "mult": 1.8}, {"k": "status", "tg": "hit", "st": "vuln", "chance": 0.4, "dur": 2, "val": 0.2}]
ye_lvdehua_s2	骑射	active	0.45		[{"k": "dmg", "tg": "col", "mult": 0.9}, {"k": "status", "tg": "hit", "st": "vuln", "chance": 0.4, "dur": 2, "val": 0.2}]
ye_lvdehua_s3	大辽铁骑	cmd			[{"k": "buff", "tg": "mates", "stat": "atk", "pct": 0.11, "dur": 3}]
ye_lvdehua_s4	金甲护体	sure		2	[{"k": "shield", "tg": "self", "pct": 0.37}]
yufu_s1	方裕·破阵	active	0.55		[{"k": "dmg", "tg": "single", "mult": 1.54}, {"k": "status", "tg": "hit", "st": "vuln", "chance": 0.4, "dur": 2, "val": 0.2}]
yufu_s2	方裕·横扫	active	0.35		[{"k": "dmg", "tg": "all", "mult": 0.8}]
yufu_s3	方裕·护体	sure		2	[{"k": "shield", "tg": "self", "pct": 0.28}]
yufu_s4	方裕·激励	cmd			[{"k": "buff", "tg": "mates", "stat": "agi", "pct": 0.25, "dur": 3}]
jiao_s1	方皭·破阵	active	0.55		[{"k": "dmg", "tg": "single", "mult": 1.58}, {"k": "status", "tg": "hit", "st": "vuln", "chance": 0.4, "dur": 2, "val": 0.2}]
jiao_s2	方皭·横扫	active	0.35		[{"k": "dmg", "tg": "all", "mult": 0.79}]
jiao_s3	方皭·护体	sure		2	[{"k": "shield", "tg": "self", "pct": 0.26}]
jiao_s4	方皭·激励	cmd			[{"k": "buff", "tg": "mates", "stat": "atk", "pct": 0.11, "dur": 3}]
ru_s1	庄儒·破阵	active	0.55		[{"k": "dmg", "tg": "single", "mult": 1.37}, {"k": "status", "tg": "hit", "st": "vuln", "chance": 0.4, "dur": 2, "val": 0.2}]
ru_s2	庄儒·横扫	active	0.35		[{"k": "dmg", "tg": "all", "mult": 0.65}]
ru_s3	庄儒·护体	sure		2	[{"k": "shield", "tg": "self", "pct": 0.21}]
ru_s4	庄儒·激励	cmd			[{"k": "buff", "tg": "mates", "stat": "atk", "pct": 0.1, "dur": 3}]
wan_s1	程万·破阵	active	0.55		[{"k": "dmg", "tg": "single", "mult": 1.4}, {"k": "status", "tg": "hit", "st": "vuln", "chance": 0.4, "dur": 2, "val": 0.2}]
wan_s2	程万·横扫	active	0.35		[{"k": "dmg", "tg": "all", "mult": 0.69}]
wan_s3	程万·护体	sure		2	[{"k": "shield", "tg": "self", "pct": 0.21}]
wan_s4	程万·激励	cmd			[{"k": "buff", "tg": "mates", "stat": "atk", "pct": 0.1, "dur": 3}]
qiong_s1	田琼·突袭	active	0.55		[{"k": "dmg", "tg": "single", "mult": 1.84}, {"k": "status", "tg": "hit", "st": "bleed", "chance": 0.3, "dur": 2}]
qiong_s2	田琼·冲阵	active	0.45		[{"k": "dmg", "tg": "col", "mult": 1.01}, {"k": "status", "tg": "hit", "st": "bleed", "chance": 0.3, "dur": 2}]
qiong_s3	田琼·护体	sure		2	[{"k": "shield", "tg": "self", "pct": 0.28}]
qiong_s4	田琼·号令	cmd			[{"k": "buff", "tg": "mates", "stat": "def", "pct": 0.18, "dur": 3}]
wen_s1	耿文·突袭	active	0.55		[{"k": "dmg", "tg": "single", "mult": 1.56}, {"k": "status", "tg": "hit", "st": "bleed", "chance": 0.3, "dur": 2}]
wen_s2	耿文·冲阵	active	0.45		[{"k": "dmg", "tg": "col", "mult": 0.79}, {"k": "status", "tg": "hit", "st": "bleed", "chance": 0.3, "dur": 2}]
wen_s3	耿文·护体	sure		2	[{"k": "shield", "tg": "self", "pct": 0.21}]
wen_s4	耿文·号令	cmd			[{"k": "buff", "tg": "mates", "stat": "def", "pct": 0.13, "dur": 3}]
dx1	丈八蛇矛	active	0.65		[{"k": "dmg", "tg": "single", "mult": 2.2}, {"k": "status", "tg": "hit", "st": "bleed", "chance": 0.4, "dur": 2}]
dx2	淮西第一猛	active	0.45		[{"k": "dmg", "tg": "row", "mult": 1.4}, {"k": "status", "tg": "hit", "st": "stun", "chance": 0.2, "dur": 1}]
dx3	猛将之威	cmd			[{"k": "buff", "tg": "mates", "stat": "atk", "pct": 0.14, "dur": 3}]
dx4	金甲护体	sure		2	[{"k": "shield", "tg": "self", "pct": 0.4}, {"k": "status", "tg": "self", "st": "taunt", "chance": 1.0, "dur": 1}, {"k": "buff", "tg": "self", "stat": "def", "pct": 0.15, "dur": 2}]
ft1	劈山刀法	active	0.65		[{"k": "dmg", "tg": "single", "mult": 2.2}, {"k": "status", "tg": "hit", "st": "stun", "chance": 0.3, "dur": 1}]
ft2	淮西双璧	active	0.55		[{"k": "dmg", "tg": "row", "mult": 1.35}, {"k": "status", "tg": "hit", "st": "bleed", "chance": 0.3, "dur": 2}]
ft3	勇冠三军	cmd			[{"k": "buff", "tg": "mates", "stat": "atk", "pct": 0.12, "dur": 3}, {"k": "buff", "tg": "mates", "stat": "agi", "pct": 0.1, "dur": 3}]
ft4	铁壁护身	passive			[{"k": "pcut", "pct": 0.12}, {"k": "pshield", "pct": 0.1}]
qynt1	朔方枪法	active	0.65		[{"k": "dmg", "tg": "single", "mult": 2.2}, {"k": "status", "tg": "hit", "st": "vuln", "chance": 0.4, "dur": 2, "val": 0.2}]
qynt2	辽邦神力	active	0.65		[{"k": "dmg", "tg": "row", "mult": 1.4}]
qynt3	大漠风暴	cmd			[{"k": "debuff", "tg": "all", "stat": "def", "pct": 0.15, "dur": 3}, {"k": "debuff", "tg": "all", "stat": "agi", "pct": 0.1, "dur": 3}]
qynt4	铁骑护体	passive			[{"k": "pcut", "pct": 0.1}, {"k": "pcounter", "chance": 0.3, "mult": 0.7}]
za1	轰雷刀法	active	0.65		[{"k": "dmg", "tg": "single", "mult": 2.2}, {"k": "status", "tg": "hit", "st": "stun", "chance": 0.3, "dur": 1}]
za2	河北雄风	active	0.5		[{"k": "dmg", "tg": "row", "mult": 1.35}, {"k": "status", "tg": "hit", "st": "vuln", "chance": 0.3, "dur": 2, "val": 0.2}]
za3	锐不可当	cmd			[{"k": "buff", "tg": "mates", "stat": "atk", "pct": 0.14, "dur": 3}, {"k": "buff", "tg": "mates", "stat": "agi", "pct": 0.06, "dur": 3}]
za4	铜筋铁骨	passive			[{"k": "pcut", "pct": 0.12}, {"k": "ptough"}]
wh1	老枪诀	active	0.65		[{"k": "dmg", "tg": "single", "mult": 2.1}, {"k": "status", "tg": "hit", "st": "bleed", "chance": 0.35, "dur": 2}]
wh2	沙场宿将	active	0.65		[{"k": "dmg", "tg": "row", "mult": 1.35}]
wh3	临阵不乱	cmd			[{"k": "buff", "tg": "mates", "stat": "def", "pct": 0.14, "dur": 3}, {"k": "cleanse", "tg": "mates"}]
wh4	老而弥坚	passive			[{"k": "pcut", "pct": 0.1}, {"k": "plow", "at": 0.5, "stat": "def", "pct": 0.25}]
hcb1	双鞭破敌	active	0.5		[{"k": "dmg", "tg": "single", "mult": 1.9}, {"k": "dmg", "tg": "single", "mult": 0.7}]
hcb2	将门虎子	active	0.55		[{"k": "dmg", "tg": "row", "mult": 1.0}, {"k": "status", "tg": "hit", "st": "stun", "chance": 0.2, "dur": 1}]
hcb3	刚猛无俦	cmd			[{"k": "buff", "tg": "mates", "stat": "atk", "pct": 0.12, "dur": 3}]
hcb4	披甲持鞭	sure		2	[{"k": "shield", "tg": "self", "pct": 0.3}, {"k": "status", "tg": "self", "st": "taunt", "chance": 1.0, "dur": 1}]
gao_chong_s1	錾金枪法	active	0.6		[{"k": "dmg", "tg": "single", "mult": 2.2}, {"k": "status", "tg": "hit", "st": "vuln", "chance": 0.5, "dur": 2, "val": 0.2}]
gao_chong_s2	白马长枪	active	0.5		[{"k": "dmg", "tg": "row", "mult": 1.3}, {"k": "status", "tg": "hit", "st": "stun", "chance": 0.25, "dur": 1}]
gao_chong_s3	银锤护体	passive			[{"k": "pcut", "pct": 0.1}, {"k": "pshield", "pct": 0.15}]
gao_chong_s4	岳家枪势	cmd			[{"k": "buff", "tg": "mates", "stat": "atk", "pct": 0.14, "dur": 3}, {"k": "buff", "tg": "frontm", "stat": "def", "pct": 0.12, "dur": 3}]
zhang_kui_s1	金虎枪法	active	0.65		[{"k": "dmg", "tg": "single", "mult": 1.9}, {"k": "status", "tg": "hit", "st": "bleed", "chance": 0.3, "dur": 2}]
zhang_kui_s2	长枪破阵	active	0.6		[{"k": "dmg", "tg": "all", "mult": 0.7}]
zhang_kui_s3	福星护体	passive			[{"k": "pshield", "pct": 0.2}, {"k": "pcut", "pct": 0.06}]
zhang_kui_s4	岳家骁将	cmd			[{"k": "buff", "tg": "mates", "stat": "atk", "pct": 0.1, "dur": 3}]
zheng_huai_s1	熟铜棍法	active	0.55		[{"k": "dmg", "tg": "single", "mult": 1.72}, {"k": "status", "tg": "hit", "st": "stun", "chance": 0.25, "dur": 1}]
zheng_huai_s2	横扫千军	active	0.35		[{"k": "dmg", "tg": "all", "mult": 0.82}]
zheng_huai_s3	铁棍护体	sure		2	[{"k": "shield", "tg": "self", "pct": 0.31}]
zheng_huai_s4	岳家猛将	passive			[{"k": "pstat", "stat": "atk", "pct": 0.13}]
wang_jin_s1	教头棍法	active	0.65		[{"k": "dmg", "tg": "single", "mult": 1.8}, {"k": "buff", "tg": "self", "stat": "atk", "pct": 0.1, "dur": 2}]
wang_jin_s2	齐眉棍势	sure		3	[{"k": "heal", "tg": "mates", "mult": 0.6}, {"k": "cleanse", "tg": "mates"}]
wang_jin_s3	王进之力	active	0.65		[{"k": "dmg", "tg": "smartest", "mult": 1.8}, {"k": "status", "tg": "hit", "st": "silence", "chance": 0.8, "dur": 2}]
wang_jin_s4	禁军传承	cmd			[{"k": "buff", "tg": "mates", "stat": "atk", "pct": 0.12, "dur": 3}, {"k": "buff", "tg": "mates", "stat": "agi", "pct": 0.1, "dur": 3}]
wy1_n	铁甲万全	sure		2	[{"k": "shield", "tg": "self", "pct": 0.25}]
wy2_n	辽国第一将	cmd			[{"k": "buff", "tg": "mates", "stat": "atk", "pct": 0.11, "dur": 3}]
wy3_n	铁甲军阵	sure		2	[{"k": "shield", "tg": "self", "pct": 0.31}]
wy4_n	万夫不当	active	0.45		[{"k": "dmg", "tg": "col", "mult": 1.42}, {"k": "status", "tg": "hit", "st": "bleed", "chance": 0.3, "dur": 2}]
zm1	没羽箭	active	0.55		[{"k": "dmg", "tg": "single", "mult": 1.35}, {"k": "status", "tg": "hit", "st": "vuln", "chance": 0.4, "dur": 2, "val": 0.2}]
zm2	飞石连珠	passive			[{"k": "pdodge", "chance": 0.11}]
zm3	机变百出	sure		2	[{"k": "shield", "tg": "self", "pct": 0.2}]
zm4	地煞之首	cmd			[{"k": "buff", "tg": "mates", "stat": "def", "pct": 0.14, "dur": 3}]
tw1	通臂猿	active	0.6		[{"k": "dmg", "tg": "single", "mult": 1.63}]
tw2	猿臂横扫	active	0.35		[{"k": "dmg", "tg": "all", "mult": 0.61}]
tw3	猿臂长护	passive			[{"k": "pcounter", "chance": 0.16, "mult": 0.8}]
tw4	梁山工匠	cmd			[{"k": "buff", "tg": "mates", "stat": "atk", "pct": 0.09, "dur": 3}]
cj1	催命判官	active	0.6		[{"k": "dmg", "tg": "single", "mult": 1.6}]
cj2	判官笔	active	0.45		[{"k": "dmg", "tg": "row", "mult": 0.77}, {"k": "status", "tg": "hit", "st": "bleed", "chance": 0.3, "dur": 2}]
cj3	铁算盘	cmd			[{"k": "buff", "tg": "mates", "stat": "int", "pct": 0.11, "dur": 3}]
cj4	梁山文书	cmd			[{"k": "buff", "tg": "mates", "stat": "atk", "pct": 0.08, "dur": 3}]